tid,tconst,titleType,primaryTitle,originalTitle,isAdult,startYear,genres
12680,tt12541591,movie,The Incredible Hulkk,The Incredible Hulk,0,2008,Action-Adventure-SciFi
12683,tt12531957,tvMovie,Potiche,Potiche,0,1983,Comedy
12689,tt0081586,movie,Swift Sword,Qing xia zhui feng jian,0,1980,Action
12700,tt12542021,videoGame,Star Wars The Clone Wars,Star Wars The Clone Wars,1,2002,Adventure
12701,tt12543032,tvSeries,Felipeg,Felipea,1,1960,Comedy
12710,tt12531574,short,The Van JobR,The Van JobG,0,2010,Crime
12712,tt12542503,movie,Familien JulK,Familien JulO,0,2023,Fantasy
12713,tt0327379,tvSeries,White Collar Blue,White Collar Blue,0,2002,Crime-Drama
12718,tt12531057,short,MousetrapF,Mousetrap\\,0,2012,Horror
12726,tt0277359,tvSpecial,Superstunt II,Superstunt II,0,1979,Documentary
12727,tt12535449,movie,Golova,Golova,0,1996,Drama
12738,tt0412270,video,100 Blowjobs 15,100 Blowjobs 15,1,2003,Adult
12742,tt12541331,tvSeries,Too Stupid to DieE,Too Stupid to Die,0,2027,RealityTV
12745,tt12535631,movie,CycleP,Cyclew,0,2011,Action
12771,tt12536103,movie,Keine Angst vor Liebey,Keine Angst vor LiebeH,0,1933,Comedy
12778,tt12537803,movie,King Me,King MeA,0,2001,Biography-Comedy-Documentary
12789,tt0437803,tvMovie,Alien Siege,Alien Siege,0,2005,Action-Adventure-Drama
12792,tt12542710,movie,Cover Girl Culture Awakening the Media Generation,Cover Girl Culture Awakening the Media Generation,0,2008,Documentary
12796,tt12542272,short,Balcony,Balconyv,0,2015,Drama-Mystery-Short
12798,tt12538587,short,Le songe des chevaux sauvagesg,Le songe des chevaux sauvages,0,1960,Short
12813,tt12534200,tvMovie,Aka Albert WalkerK,Aka Albert Walker,0,2010,Thriller
12815,tt0259362,movie,In the Shadow of Hollywood,In the Shadow of Hollywood,0,2000,Documentary
12816,tt12545773,short,HardcoreB,HardcoreX,0,2014,Comedy-Drama-Short
12817,tt12544586,movie,Servants QuartersB,Servants Quarters,1,2016,Fantasy
12821,tt12543659,tvSeries,Sonic Cinema,Sonic Cinemal,1,2000,Music
12825,tt12542742,short,The Solid Tin CoyoteR,The Solid Tin CoyoteF,0,1970,Comedy
12827,tt12545635,movie,TheKaspar Hauser,Kaspar Hausern,1,1993,History
12828,tt12537972,short,Mud Southern Authenticity Shooting the Real Arkansas,Mud Southern Authenticity Shooting the Real Arkansasj,0,2006,Short
12830,tt12537160,tvMovie,Albert The Power Behind Victoria,Albert The Power Behind Victoriaw,1,2018,Drama
12834,tt12543212,movie,Alla våra morgondagar,Alla våra morgondagar,1,1994,Documentary
12836,tt12540215,movie,Oh My Gods,Oh mio Dio,0,2015,Drama
12846,tt12535460,tvShort,Bodyslamu,Bodyslam,0,2013,Short
12850,tt12542909,movie,Gwong yat cham Tin HauX,Gwong yat cham Tin Hau,0,2003,Drama
12858,tt12533088,movie,Nana et Kaoru,Nana to KaoruR,1,2011,Drama-Romance
12859,tt7941920,movie,EXAM,EXAM,0,2010,Drama
12875,tt12541306,video,Bad Girls 6,Bad Girls 6,1,2009,Adult
12876,tt12532623,movie,Here Come the Tigers,Here Come the TigersF,0,1969,Comedy
12887,tt12539709,video,The Marketing of Madness Are We All Insane,The Marketing of Madness Are We All Insane,0,2010,Documentary
12901,tt9035628,tvSeries,MasterChef Turkey,MasterChef Turkey,0,2018,GameShow-RealityTV
12906,tt0391140,video,Extreme Schoolgirls 4,Extreme Schoolgirls 4,1,2003,Adult
12909,tt12540369,movie,Checkmatex,CheckmateA,1,2008,Thriller
12912,tt12540282,movie,Shanks Marei,Shanks MareM,0,2009,Drama
12913,tt2083932,video,Bad Girls 6,Bad Girls 6,1,2011,Adult
12921,tt12531853,short,Unwarranted Influence,Unwarranted Influence,1,2014,Documentary-Short-War
12944,tt12534269,movie,The 1000 Eyes of Dr MaddinI,The 1000 Eyes of Dr Maddind,1,2012,Documentary
12951,tt0066461,movie,One Song a Day Takes Mischief Away,Tko pjeva zlo ne misli,0,1970,Comedy-Drama-Musical
12970,tt12539387,short,Agootha Chhaapm,Agootha Chhaap,0,1990,Short
12986,tt12531180,short,This Is This,This Is ThisL,0,2003,Drama-Short
12987,tt12531193,movie,Brocéliande,Brocéliande,0,2003,Horror-Thriller
12996,tt12539407,movie,Burning Love,Brandende liefde,0,1983,Comedy
13002,tt12535372,short,The Postman Dreamsy,The Postman Dreams\\,0,2014,Short
13007,tt12536301,video,Las lágrimas de ErosQ,Las lágrimas de ErosH,1,2003,Adult
13018,tt0431579,tvSeries,Új Gálvölgyishow,Új Gálvölgyishow,0,1991,Comedy
13034,tt8917420,video,Pi  IQ,Pi  IQ,0,2017,Music-Short
13045,tt1992126,tvMovie,Ein Sommer in den Bergen,Ein Sommer in den Bergen,0,2011,Drama
13049,tt12532136,movie,Interference,Interference,1,1928,Drama
13053,tt12543042,movie,När syrenerna blomma,När syrenerna blomman,0,1956,Drama
13061,tt12532059,short,Friss Hús,Friss Hús,0,2017,Short
13062,tt12544010,video,Extreme Schoolgirls 4,Extreme Schoolgirls 4,1,2008,Adult
13063,tt1984239,short,Részletkérdések,Részletkérdések,0,2006,Short
13073,tt12544566,tvMiniSeries,The Cars That Made America,The Cars That Made America,1,2008,Documentary-History
13082,tt12541278,tvMovie,Bedroomsg,Bedrooms\\,1,1992,Comedy
13090,tt12543413,video,Tim Vine LiveB,Tim Vine Livez,0,1997,Comedy-Documentary
13091,tt12545149,videoGame,Metal Gear Solid 2 Sons of Liberty,Metal Gear Solid 2 Sons of Libertyr,1,1993,Drama
13094,tt12536078,video,The Cougar Club 3,The Cougar Club 3,1,2011,Adult
13103,tt12543524,movie,Ben David Broken Sky,Ben David Broken SkyS,0,2007,SciFi
13118,tt12541448,video,From Brazil with Loves,From Brazil with LoveG,1,1988,Adult
13125,tt12543522,movie,Ben David Broken SkyF,Ben David Broken Sky,1,2007,Action
13135,tt12541066,short,Beyond Black Mesar,Beyond Black MesaC,0,2015,Action-Short
13151,tt12534413,video,Its a Mommy Thing 2,Its a Mommy Thing 2,1,2013,Adult
13154,tt12531893,movie,Los Reyes del Juegos,Los Reyes del Juego,0,2014,Drama-Thriller
13157,tt12533220,movie,Goodbye Shirazi Girl,Khodahafez Dokhtar Shirazi,1,2019,Comedy
13168,tt12543655,movie,The Golden Claws of the Cat Girl,La louve solitaire,0,1970,Adventure-Crime
13172,tt12534347,tvSeries,The Cafe,The Cafe,0,2017,Comedy
13173,tt12545605,movie,Nessuno mi può giudicareN,Nessuno mi può giudicareg,0,1957,Musical
13177,tt12533524,movie,Keep Frozent,Keep FrozenK,0,2016,Documentary
13186,tt12542881,tvShort,WALTERx,WALTERt,0,1984,Short
13193,tt12534406,movie,Segment 76,Segment 76O,0,2003,Comedy
13197,tt1967616,video,The Cougar Club 3,The Cougar Club 3,1,2011,Adult
13211,tt0043680,movie,Its a Big Country An American Anthology,Its a Big Country An American Anthology,0,1951,Comedy-Drama
13212,tt12532885,movie,Inside the Walls of Folsom PrisonT,Inside the Walls of Folsom Prison,0,1960,Crime-Drama-FilmNoir
13215,tt12535209,movie,The Old Barn Dance,The Old Barn Dance,1,1942,Comedy
13221,tt2056638,short,Long Distance Information,Long Distance Information,0,2011,Drama-Family-Short
13226,tt12537302,video,Dirty Dirty Jokes,Dirty Dirty Jokesq,0,1984,Comedy
13236,tt12538943,tvMovie,Taksirengit,Taksirengit,0,2004,Comedy
13239,tt2099698,movie,Private Universe,Soukromý vesmír,0,2012,Documentary-Family-History
13264,tt12533903,tvMovie,El pallasso i el Führer,El pallasso i el Führer,0,2007,Drama
13268,tt12533506,movie,Behçet CezayirdeG,Behçet Cezayirdeb,0,1972,Action-Adventure-Crime
13271,tt12542235,movie,CockHammerm,CockHammern,0,2008,Horror
13273,tt0046813,short,By Word of Mouse,By Word of Mouse,0,1954,Animation-Comedy-Family
13276,tt12541775,short,Jimmy Zip,Jimmy Zip,0,1996,Short
13279,tt12538129,video,What Happened on the Moon  An Investigation Into Apollo,What Happened on the Moon  An Investigation Into ApolloG,0,2000,Documentary
13281,tt0105597,movie,Timebomb,Timebomb,0,1991,Action-Drama-SciFi
13287,tt1459073,short,Transit,Transit,0,2009,Drama-Short
13288,tt12538433,short,Pavle,Pavle,0,2007,Drama
13300,tt12535593,movie,The LetterN,La lettre,1,2008,Drama
13304,tt0107964,tvMovie,Rio Diablo,Rio Diablo,0,1993,Western
13312,tt12535340,tvMovie,The Away Game,The Away Game,0,2006,Documentary
13314,tt12543667,movie,I Bury the Livingb,I Bury the LivingK,0,1958,Horror
13315,tt12538878,short,The Forest Legends Reflection of the New AwakeningD,The Forest Legends Reflection of the New Awakeningu,1,2018,Short
13316,tt12531863,tvMovie,House of the Witcho,House of the WitchT,0,2017,Fantasy-Horror-Mystery
13322,tt12538744,movie,Death A Love StoryP,Death A Love Story,0,1999,Documentary
13324,tt12545337,tvMovie,The Veteranf,The Veteran,0,2006,Drama
13338,tt4266402,tvSeries,Tiflisi,Tiflisi,0,2014,Action-History-Thriller
13340,tt12531236,short,TransitU,Transit,1,2009,Drama-Short
13347,tt0077206,movie,La banda Vallanzasca,La banda Vallanzasca,0,1977,Crime
13358,tt2790002,short,Unwarranted Influence,Unwarranted Influence,0,2014,Documentary-Short-War
13361,tt1612099,short,The Van Job,The Van Job,0,2010,Action-Crime-Short
13380,tt12540985,short,Back to OZ,Back to OZ,1,2016,Fantasy
13391,tt12542891,short,Entry Denied,Entry Denied,0,2012,Documentary-Drama-Short
13392,tt1636495,short,InSight,InSight,0,2010,Crime-Drama-SciFi
13403,tt4023072,tvMiniSeries,Man vs the Universe,Man vs the Universe,0,2014,SciFi
13406,tt12538605,movie,Hei mei gui,Hei mei guiH,0,1965,Action-Crime-Drama
13408,tt12542144,movie,Varg Veum  Skriften på veggenq,Varg Veum  Skriften på veggen,0,2010,Crime
13409,tt12534302,video,Testimonys,TestimonyB,0,2001,Music
13414,tt12531701,movie,Sa piling ng aswang,Sa piling ng aswangS,1,1999,Horror
13418,tt4984864,short,Backyards,Dvorista,0,2015,Short
13425,tt12542856,movie,The Song of the Millenium,Le chant du millénaire,0,2003,Documentary
13426,tt0366371,movie,Gwong yat cham Tin Hau,Gwong yat cham Tin Hau,0,2003,Comedy-Drama-Fantasy
13435,tt12534777,short,Juice,Juice,0,2014,Drama-Short
13443,tt12543483,movie,The Education of Sonny Carsonz,The Education of Sonny CarsonA,1,1981,Drama
13444,tt12542410,video,Alfred Hitchcok and To Catch a Thief An Appreciationd,Alfred Hitchcok and To Catch a Thief An Appreciationx,0,2008,Short
13459,tt9046568,tvMovie,ReMastered The Miami Showband Massacre,ReMastered The Miami Showband Massacre,0,2019,Crime-Documentary-Music
13467,tt0963168,short,Danae,Danae,0,2004,Short
13473,tt12536019,movie,Sevenler ölmez,Sevenler ölmezK,1,1970,Drama
13474,tt12536018,movie,Sevenler ölmezQ,Sevenler ölmez,1,1964,Drama
13482,tt12541995,movie,Sanya and the Sparrow,Sanya i Vorobeyy,0,2001,Documentary
13483,tt12540676,movie,Gowharshad MosqueO,Masjede gowharshad,0,1978,Documentary
13486,tt1620956,movie,Sanya and the Sparrow,Sanya i Vorobey,0,2010,Documentary
13488,tt12541275,tvSeries,Jessiel,Jessie,0,2011,Comedy
13491,tt12542569,short,Tom Thumbn,Malchik s palchikl,0,1933,Short
13522,tt12535616,movie,Before Night FallsL,Before Night Falls,1,2008,Biography-Drama-Romance
13528,tt12531521,tvSeries,Jimmys Farm Diariesr,Jimmys Farm Diaries,0,2002,Documentary
13531,tt12533288,movie,The Season of Men,La saison des hommes,1,2005,Drama
13532,tt12537279,short,The Last Honey Hunter,The Last Honey Hunter,0,2027,Documentary
13541,tt12545806,movie,The21 and a WakeUp,21 and a WakeUpp,0,2009,Drama-War
13552,tt12531668,video,Town Bizzness Pt 2n,Town Bizzness Pt 2,1,2017,Music-RealityTV
13554,tt4462242,short,BEARDS Noah  Anya,BEARDS Noah  Anya,0,2014,Comedy-Drama-Short
13556,tt12543674,short,A Misunderstood Boy,A Misunderstood Boy,0,1913,Drama
13563,tt1268161,movie,21 and a WakeUp,21 and a WakeUp,0,2009,Drama-War
13572,tt0380493,short,Lapis,Lapis,0,1966,Animation-Short
13581,tt0949506,movie,Pushkin Poslednyaya duel,Pushkin Poslednyaya duel,0,2006,Biography-Drama-History
13586,tt12536620,movie,Good FavourL,Good FavourK,0,2014,Drama
13589,tt12540397,short,Derachan of the Southern Island,Minami no Shima no Derachan,0,2014,Animation-Comedy-Short
13592,tt12536679,movie,Dnevnik direktora shkolyD,Dnevnik direktora shkoly,0,1975,Drama
13598,tt12542917,movie,Welcome to Nowhere,Welcome to Nowhere,1,2018,Comedy
13599,tt1172587,movie,Delhi Safari,Delhi Safari,0,2012,Adventure-Animation-Comedy
13602,tt1144924,short,Polish Noncamera Chronicle No 1,Polska kronika noncamerowa nr 1,0,1982,Animation-Short
13603,tt12533849,movie,Horses in Winter,Horses in Winter,0,1997,Drama
13604,tt12537231,movie,Doutores Palhaços_,Doutores PalhaçosW,0,2008,Documentary
13606,tt12534212,movie,Ruf der Wildgänse,Ruf der WildgänseI,0,1961,Drama
13611,tt12537165,tvSeries,Tutti insieme allimprovviso,Tutti insieme allimprovvisoi,0,2013,Comedy
13613,tt1047812,short,The Demonology of Desire,The Demonology of Desire,0,2007,Horror-Short
13614,tt12543704,movie,New Initial D the Movie Legend 3  Dream,Shingekijouban Inisharu D Legend 3  Mugen,0,2024,Sport
13618,tt0170363,movie,Un bugiardo in paradiso,Un bugiardo in paradiso,0,1998,Comedy
13619,tt12540773,short,Estranged,Estranged,1,2006,Drama-Short
13621,tt0102739,movie,Long Live the Hobos,¡Que vivan los crotos,0,1995,Biography-Drama-History
13623,tt12533821,movie,No Job for a Woman The Women Who Fought to Report WWII,No Job for a Woman The Women Who Fought to Report WWIIo,0,2011,Documentary
13627,tt0415727,movie,Crazy Legs Conti Zen and the Art of Competitive Eating,Crazy Legs Conti Zen and the Art of Competitive Eating,0,2004,Documentary
13637,tt12533847,tvSeries,Exantas,Exantasp,0,1993,Documentary
13638,tt12542760,tvSeries,America Says,America Says,0,2018,GameShow
13639,tt5533118,tvMovie,American Reds,American Reds,0,2016,Documentary
13640,tt12541968,movie,Records Collecting Dustp,Records Collecting Dust,0,2022,Documentary
13645,tt12535189,short,InSight,InSightL,0,2010,Crime-Drama-SciFi
13662,tt12532428,short,Egyptian Bullock Pump,Egyptian Bullock Pumpn,1,1897,Documentary-Short
13665,tt6620638,tvSpecial,UFC 132 Cruz vs Faber,UFC 132 Cruz vs Faber,0,2011,Sport
13666,tt0449120,videoGame,XTension,XTension,0,2000,Action
13668,tt12535286,tvMovie,Squeegees,Squeegees,0,2008,Comedy
13674,tt12538944,tvMovie,TaksirengitJ,Taksirengit,1,2008,Comedy
13684,tt12535370,short,The Postman DreamsA,The Postman Dreams,0,2022,Short
13688,tt1613875,short,The Boy Who Saw Through,The Boy Who Saw Through,0,1956,Short
13693,tt12538318,movie,Tapasya,Tapasya,1,1976,Drama
13696,tt9056818,movie,Last Breath,Last Breath,0,2019,Documentary
13697,tt12541632,tvMovie,Blown in with the Wind,Zanesennye vetrom,0,2000,Documentary
13698,tt0887279,short,Top,Top,0,1999,Short
13705,tt12544030,video,Fuck Sasha Greyi,Fuck Sasha Grey,1,2002,Adult
13706,tt12538283,video,Hillside Cannibalsj,Hillside Cannibalsv,1,1999,Comedy-Crime-Horror
13707,tt4575788,video,The Mystery of the Shemitah Unlocked,The Mystery of the Shemitah Unlocked,0,2015,Documentary
13717,tt7772412,movie,Supa Modo,Supa Modo,0,2018,Drama
13723,tt2173450,short,Boba Mukhosh,Boba Mukhosh,0,2012,Drama-Fantasy-Short
13728,tt12534496,movie,Happy Dorm,Happy Dormt,0,2016,Comedy-Romance
13729,tt12543009,movie,Das Fest des Huhnesa,Das Fest des Huhnesj,0,1992,Comedy
13731,tt12545685,movie,Killers Delight,Killers DelightQ,0,1978,Thriller
13734,tt12532394,video,One23H,One23P,0,1978,Short
13735,tt0320558,movie,El séptimo arcángel,El séptimo arcángel,0,2003,Drama-Mystery-Thriller
13737,tt0477575,video,Benji Brown In Touch with Reality,Benji Brown In Touch with Reality,0,2005,Comedy
13739,tt12542862,movie,John Gets Wasted,John Gets Wasted,1,2011,Comedy
13742,tt1132292,tvSeries,Al diablo con los guapos,Al diablo con los guapos,0,2007,Drama-Romance
13747,tt12539973,short,Un sueño recurrente,Un sueño recurrenteY,0,2013,Drama-Short
13748,tt1934293,movie,John Gets Wasted,John Gets Wasted,0,2011,Comedy
13757,tt12544095,movie,Liz and the Blue BirdP,Rizu to aoi tori,0,2018,Animation-Drama-Fantasy
13762,tt0288573,movie,La insaciable,La insaciable,0,1992,Comedy-Drama
13763,tt12536970,tvSeries,Tiflisi,Tiflisic,1,2014,Action-History-Thriller
13771,tt12544616,videoGame,The Mask,The Mask,0,1995,Comedy
13786,tt1874719,short,Songs and Impressions,Songs and Impressions,0,1928,Comedy-Music-Short
13790,tt12542548,movie,The Damned of the Sea,Les damnés de la mer,0,2008,Documentary
13800,tt6000488,video,Californication Marcys Cougar Party,Californication Marcys Cougar Party,0,2009,Comedy-Short
13802,tt12540419,short,Miracle Fish,Miracle Fish,0,2016,Drama-Short
13806,tt0161597,video,From Brazil with Love,From Brazil with Love,1,1992,Adult
13811,tt12538063,short,Masha and Magic JamP,Masha i volshebnoe varene,0,1979,Animation
13829,tt12543467,movie,An Hour to Kill,An Hour to Kill,0,2025,Comedy
13830,tt12535618,movie,The Lion of PunjabE,The Lion of Punjab,0,2011,Action
13831,tt12534721,tvSeries,Teyana and Iman,Teyana and Iman,0,2020,RealityTV
13832,tt12541409,movie,City of Lost MenV,City of Lost Men,0,1932,SciFi
13833,tt1871420,movie,Tom Green Live,Tom Green Live,0,2012,Comedy-Documentary
13834,tt12543214,short,I Signori del Destino,I Signori del Destinot,0,2016,Mystery-Short-Thriller
13842,tt12538763,short,MartyT,Marty,0,2009,Short
13845,tt12540975,tvSeries,Quelli dellIntervallow,Quelli dellIntervallob,1,2005,Comedy
13847,tt12537678,movie,The Boondock Saints II All Saints Day,The Boondock Saints II All Saints DayT,0,2009,Crime
13851,tt12534013,tvSeries,See Plum RunI,See Plum Run,0,2012,Short
13862,tt12545329,short,Think It Overn,Think It OverY,0,1938,Crime-Drama-Short
13884,tt0340422,short,The Walking Hack of Asbury Park,The Walking Hack of Asbury Park,0,2002,Comedy-Short
13885,tt0172053,tvMiniSeries,Sandra the Rebel Princess,Sandra princesse rebelle,0,1995,Adventure-Romance
13889,tt12543141,short,Date limite de consommationB,Date limite de consommationw,0,2013,Comedy
13918,tt3822386,short,The Forest Legends Reflection of the New Awakening,The Forest Legends Reflection of the New Awakening,0,2014,Adventure-Short
13923,tt12538154,tvMiniSeries,The Strauss Familyn,The Strauss Familyl,1,1972,Drama-Romance
13924,tt0246857,short,The Policy Girl,The Policy Girl,0,1934,Musical-Romance-Short
13927,tt6876646,short,The Trip to Memory,The Trip to Memory,0,2012,Documentary-Short
13934,tt12533850,movie,Horses in Winter,Horses in WinterZ,0,1988,Drama
13935,tt12535070,tvSeries,The Parent Projectx,The Parent Project,0,2010,Comedy
13938,tt12538646,tvSeries,Things Are Going Great For Me with J Claude DeeringI,Things Are Going Great For Me with J Claude DeeringX,0,2013,Comedy
13939,tt12536222,movie,The Green ColdW,Sarde sabzG,0,2008,Documentary
13942,tt8496508,tvSeries,The Heights,The Heights,0,2019,Drama
13950,tt12539051,tvSeries,Dream Defenders,Dream Defendersn,0,2011,Action
13957,tt12542688,tvSeries,Brazils Next Top Model,Brazils Next Top Model,0,2011,GameShow-RealityTV
13958,tt12537672,movie,Prey of a Call GirlC,Prey of a Call Girl,1,1977,Adult
13964,tt12536015,movie,EXAMF,EXAM,1,2006,Drama
13977,tt12534903,movie,La banda Vallanzascam,La banda VallanzascaH,0,1977,Crime
13985,tt12537300,video,Dirty Dirty Jokest,Dirty Dirty Jokesl,0,1984,Comedy
13998,tt12543114,movie,Nishi PadmaD,Nishi Padma,0,1970,Drama
14000,tt12544284,video,Benji Brown In Touch with Reality,Benji Brown In Touch with Reality,1,2005,Comedy
14010,tt12543527,short,Number One,Number One,0,2007,Documentary-Short
14014,tt3810428,movie,Aerobics  A Love Story,Aerobics  A Love Story,0,2015,Drama
14016,tt12537315,movie,They Came from the Attic,They Came from the Attic,0,2009,Drama-Horror-Thriller
14021,tt12541930,tvSeries,Half Sisters,Half Sistersk,0,2014,Comedy
14022,tt12541553,movie,Zie mij doen,Zie mij doen,0,2018,Documentary
14023,tt12545445,tvSeries,Karen,KarenQ,0,1970,Comedy
14024,tt12531575,short,The Van JobR,The Van Job,1,2010,Short
14029,tt12532966,movie,The Wedding RingG,Zinnaariya\\,0,2016,Drama-Romance
14033,tt2061640,short,Demon in the Dark,Demon in the Dark,0,2009,Drama-Short-Thriller
14035,tt12543861,video,Night Pastori,Night Pastorf,0,1998,Short
14037,tt12539710,video,The Marketing of Madness Are We All Insane,The Marketing of Madness Are We All Insane,0,2009,Documentary
14039,tt7493294,video,The Streets Fit But You Know It,The Streets Fit But You Know It,0,2004,Music-Short
14052,tt12533587,tvMovie,Harriet the Spy Blog Warss,Harriet the Spy Blog WarsZ,0,2003,Comedy-Family
14053,tt0303329,short,The Donut King,The Donut King,0,2002,Short
14079,tt12535592,movie,The LetterK,La lettrea,0,1992,Drama
14084,tt1710621,videoGame,Twisted Metal,Twisted Metal,0,2012,Action-Horror-SciFi
14088,tt12544456,tvShort,Living Legacy,Living Legacy,0,1997,SciFi
14104,tt12531339,short,Sept heures trois fois par annéea,Sept heures trois fois par année,0,2012,Drama
14112,tt12540501,short,Dawn Bloom,Dawn Bloomi,0,2019,Action-Drama-SciFi
14113,tt12535784,tvSeries,Anne with an EE,Annew,0,2017,Drama
14124,tt12541834,tvMovie,Zarmina Lifting the Veilj,Zarmina Lifting the VeilG,0,2002,Documentary
14130,tt12542571,short,Tom Thumb\\,Malchik s palchik,0,1938,Animation-Family-Short
14131,tt12545667,movie,The Coming of Amos,The Coming of Amosj,1,1919,Drama
14132,tt1145500,tvSeries,Earth The Power of the Planet,Earth The Power of the Planet,0,2007,Documentary
14135,tt12540240,tvMovie,Du Mahe Shamsi,Du Mahe ShamsiT,0,2017,History
14156,tt12534373,short,Waiting for the Timeb,TheWaiting for the Time,0,2014,Short
14161,tt12531750,short,The Incident at Tower 37p,The Incident at Tower 37W,0,2009,Short
14171,tt12532294,tvShort,The Ash Tree,The Ash Tree\\,0,1977,Drama-Horror-Mystery
14178,tt12536622,movie,Good Favour,Good Favour,1,2017,Drama
14182,tt12544710,tvMovie,Kissa ja Varjo,Kissa ja Varjox,0,1993,Adventure
14187,tt12538715,short,Wings,Wingso,0,2013,Drama-Short-Thriller
14192,tt12544520,movie,Naked Vengeance,Naked VengeanceA,0,1990,Action-Crime-Drama
14193,tt12540499,short,Dawn BloomL,Dawn Blooma,0,2010,Action-Drama-SciFi
14206,tt12534304,video,Testimony,TestimonyP,0,1999,Music
14207,tt12543923,movie,Wench,BagarresW,0,1955,Drama
14208,tt12545862,tvMiniSeries,The Strange Calls,The Strange Calls,0,2002,Comedy
14212,tt0231934,short,Krychle,Krychle,0,1980,Short
14214,tt12536011,movie,Pop Ayer,Pop Ayed,0,2017,Drama
14221,tt12534669,short,Gleich links hinterm Mond,Gleich links hinterm Mond_,0,1959,Animation-Short
14224,tt12536236,movie,Livraison à domicileC,Livraison à domicile,0,2003,Comedy-Drama
14228,tt12534372,short,Waiting for the Time,Waiting for the Times,0,2014,Short
14237,tt0249008,videoGame,Metal Gear Solid 2 Sons of Liberty,Metal Gear Solid 2 Sons of Liberty,0,2001,Action-Adventure-Drama
14240,tt12533046,movie,TheStreet Fighter The New Challengers,Street Fighter The New Challengers,1,2011,Animation
14241,tt12541934,movie,Roofied A Double Doseq,Roofied A Double DoseK,0,2013,Thriller
14245,tt12545861,tvMiniSeries,The Strange CallsV,The Strange CallsF,0,2012,Comedy
14246,tt4852398,short,Tom Thumb,Malchik s palchik,0,1938,Animation-Family-Short
14247,tt2229708,tvMovie,Les rebelles du foot,Les rebelles du foot,0,2012,Documentary-History
14253,tt12539967,movie,Johnny Cash at Folsom Prisont,Johnny Cash at Folsom Prison,0,2015,Documentary
14254,tt0199322,tvMovie,Andra i Ljubica,Andra i Ljubica,0,1975,Drama
14261,tt12534668,short,Gleich links hinterm Mond,Gleich links hinterm Mond,0,1959,Animation
14281,tt12544403,tvSeries,Epic AttractionsK,Epic AttractionsS,0,2015,Documentary
14282,tt0427942,video,Testimony,Testimony,0,2004,Music
14295,tt0104255,movie,Das Fest des Huhnes,Das Fest des Huhnes,0,1992,Comedy
14304,tt12545279,movie,Hired Gun,Hired Gun,1,2016,Documentary
14307,tt0452323,short,Marty,Marty,0,2004,Short
14314,tt12538956,movie,Lola the CoalgirlK,Lola la piconeraW,0,1947,Drama
14318,tt0762082,tvMovie,Christa McAuliffe Reach for the Stars,Christa McAuliffe Reach for the Stars,0,2006,Documentary
14320,tt6224632,movie,Isolation,Enzeva,0,2017,Drama-Mystery-Thriller
14324,tt12543528,short,Number One,Number Onej,0,2002,Documentary-Short
14329,tt12535270,short,Levity Xero Error Minus1n,Levity Xero Error Minus1H,1,2010,Fantasy
14332,tt12534708,short,Blutrausch,BlutrauschP,0,2005,Short
14333,tt12533086,tvShort,TheSurviving Christmas Unwrapping the Comedy,Surviving Christmas Unwrapping the Comedy,0,2004,Comedy
14350,tt12544094,movie,Liz and the Blue Birdd,Rizu to aoi tori,1,2018,Animation-Drama-Fantasy
14368,tt12544581,video,Californication Marcys Cougar Party,Californication Marcys Cougar Party,0,2009,Short
14371,tt12539280,movie,Pagate fratelliO,Pagate fratelliW,1,2012,Drama
14377,tt12532457,short,Zwölf Explosionen,Zwölf ExplosionenP,0,2008,Short
14382,tt12542471,short,Zivi mrtvaciM,Zivi mrtvaci,0,2000,Drama
14383,tt12538843,tvSpecial,Yanni World Without Borders,Yanni World Without Borders,1,2017,Music
14386,tt12544026,short,Snowy Bing Bongs Across the North Star Combat Zone,Snowy Bing Bongs Across the North Star Combat ZoneR,0,2017,Music
14387,tt12536813,tvMiniSeries,Man vs the UniverseX,Man vs the Universe,1,2014,SciFi
14399,tt12545566,videoGame,XTensions,XTensionb,0,2000,Action
14400,tt12535342,tvMovie,The Away Game,The Away Game,0,1998,Documentary
14403,tt12544455,tvShort,Living Legacy,Living Legacy,0,2006,SciFi-Short
14416,tt0393824,video,Star 85,Star 85,1,1985,Adult
14421,tt12534925,movie,Memories Within Miss Aggieq,Memories Within Miss Aggie,1,1966,Drama
14425,tt12539069,video,The Young Cadetsg,The Young Cadetsy,0,1987,Adult
14427,tt3740292,short,Paris on the Water,Paris al hamayim,0,2014,Drama-Short
14432,tt12538792,movie,Good Luck,Ost und Westx,0,1929,Drama
14461,tt1754567,short,Ta mig,Ta mig,0,2010,Comedy-Short
14462,tt12541504,movie,Rock podvratáku,Rock podvratáku,0,2006,Comedy
14490,tt4213788,movie,Kokhon Tomar Asbe Telephone,Kokhon Tomar Asbe Telephone,0,2014,Comedy-Romance
14491,tt12543668,movie,I Bury the LivingT,I Bury the LivingQ,1,1958,Horror
14496,tt1684914,tvMovie,Accidentally in Love,Accidentally in Love,0,2011,Comedy-Drama-Romance
14500,tt12538806,tvSeries,SmåbylivN,Småbylivl,0,2014,Comedy
14503,tt12532135,movie,Mela,MelaP,1,1971,Drama-Family
14504,tt2907394,movie,Samir Abu elNil,Samir Abu elNil,0,2013,Comedy
14514,tt3142914,movie,Ask aglatir,Ask aglatir,0,2013,Drama-Romance
14524,tt12539758,movie,Suyamvaramq,Suyamvaram,0,1999,Comedy
14526,tt12541100,movie,Yojimbod,Yôjinbô,0,1962,Action
14536,tt12544264,movie,Inside Out,Inside OutU,1,2020,Biography
14537,tt12541447,video,From Brazil with Loves,From Brazil with Lovee,1,1992,Adult
14539,tt12545898,movie,Sweeping Forward,Sweeping Forward,1,2022,Sport
14542,tt5706918,tvSeries,Stone Cage,Stone Cage,0,2015,Comedy
14545,tt4295286,short,The Hybrid,The Hybrid,0,2014,Drama-Fantasy-SciFi
14549,tt12537280,short,The Last Honey HunterZ,The Last Honey Hunters,0,2009,Documentary-Short
14551,tt12543284,video,UFOs Above and Beyond,UFOs Above and Beyond,0,1997,Documentary
14555,tt12539187,tvMovie,Professor BernhardiD,Professor Bernhardi,1,1954,Drama
14567,tt12538434,short,Pavlea,Pavle,0,1993,Short
14568,tt12532526,short,Coven,Coven,0,2006,Fantasy
14569,tt12539412,tvSeries,Busted Babysitters,Busted Babysitters,1,2015,Adult
14570,tt2104487,tvMovie,Né con te né senza di te,Né con te né senza di te,0,2012,Drama
14571,tt12543412,video,Tim Vine Live,Tim Vine Live,0,2004,Comedy
14574,tt12545604,movie,Nessuno mi può giudicareX,Nessuno mi può giudicare,0,1966,Musical
14579,tt12541031,short,Upside Down,Vsyo naoborot,0,1968,Short
14580,tt12545129,tvMiniSeries,Die Patin  Kein Weg zurück,Die Patin  Kein Weg zurück,1,2002,Drama
14581,tt1164089,movie,Chrysalis,Chrysalis,0,2008,SciFi
14590,tt12539804,movie,Matrimonio al Sudv,Matrimonio al Sud,0,2006,Comedy
14591,tt12540214,movie,Oh My Godn,Oh mio Dio,1,2017,Comedy-Drama
14597,tt12537042,short,MBFF Mans Best Friend ForeverE,MBFF Mans Best Friend Forever,0,2014,Thriller
14602,tt12544812,short,Show Businessq,Show Businessq,0,1936,Short
14604,tt12534789,short,Bailaora,Bailaora,0,2018,Mystery-Short
14616,tt1863203,movie,The Employer,The Employer,0,2013,Thriller
14631,tt12534405,movie,Segment 76,Segment 76Q,0,2002,Comedy
14637,tt12533466,short,Det Glade PostbudT,Det Glade Postbud,0,2017,Comedy-Short
14640,tt12535341,tvMovie,The Away Game\\,The Away GameH,0,2014,Documentary
14645,tt12537996,short,21h11D,21h11y,0,2005,Drama-Short
14650,tt12532008,movie,Cinéma cinéma,Cinéma cinémaK,1,1978,Documentary
14657,tt12533483,tvSeries,Un Entretient,Un Entretien,1,2018,Comedy
14659,tt12543430,tvSeries,Assassins Creed Descendantsp,Assassins Creed Descendants,1,2018,Action
14661,tt12544185,tvMovie,Eine ungeliebte frau,Eine ungeliebte frau,0,1974,Drama
14670,tt12540108,movie,In Bed with Victoriao,VictoriaQ,0,2016,Comedy
14671,tt12545475,movie,Pari Khoshgeleh,Pari KhoshgelehI,0,1976,Comedy
14677,tt12545794,tvSpecial,Reaching for the StarsM,Reaching for the StarsV,0,1985,Music-RealityTV
14683,tt12545820,short,Soul Fire Rising,Soul Fire Risingp,0,2009,SciFi-Short
14686,tt12532849,video,Awkward Moments with Catwomanx,Awkward Moments with Catwoman,1,2003,Comedy
14696,tt12539278,movie,Isolation,Enzevak,0,2017,Drama-Mystery-Thriller
14701,tt12535776,movie,The Sideling Hill,The Sideling Hillv,0,2015,Horror
14720,tt0092451,tvSeries,The Slap Maxwell Story,The Slap Maxwell Story,0,1987,Comedy
14722,tt1708505,movie,Snake Charmer,Fen shou zhi du,0,2002,Action-Horror-Mystery
14725,tt12536680,movie,Dnevnik direktora shkolyA,Dnevnik direktora shkolys,0,1984,Drama
14744,tt12535435,tvMovie,Drew Peterson An American Murder MysteryM,Drew Peterson An American Murder Mystery_,1,2022,Documentary
14748,tt12543654,movie,The Golden Claws of the Cat Girl,La louve solitaire,0,1968,Adventure
14749,tt12544708,tvMovie,Kissa ja VarjoA,Kissa ja Varjoa,0,1993,Adventure
14755,tt12540838,tvMovie,Accidentally in Lover,Accidentally in Lovek,0,2012,Romance
14758,tt12543139,movie,Sanguinetti,Sanguinetti,0,2020,Drama
14764,tt12531760,video,Requiem for Krypton Making Superman Returns,Requiem for Krypton Making Superman Returns,0,2006,Documentary
14770,tt12541835,tvMovie,Zarmina Lifting the VeilE,Zarmina Lifting the Veil,0,2009,Documentary
14773,tt0834914,video,The House That Freddy Built,The House That Freddy Built,0,2006,Documentary-Short
14784,tt12545567,videoGame,XTensionH,XTension,0,1996,Action
14791,tt12541007,short,Exit,Exit,1,2008,Short
14794,tt12534147,movie,Quest for Real Immunity,Quest for Real Immunity,0,2013,Documentary
14804,tt12543927,movie,Ladronesb,Ladrones,0,2015,Comedy
14810,tt12542381,movie,The Autistic Me One Year On,The Autistic Me One Year On,0,2019,Documentary
14834,tt12537722,video,Blonde Deathd,Blonde Death,1,1984,Comedy-Crime
14836,tt5376904,tvSeries,Stale Mate,Stale Mate,0,2016,Comedy-Short
14845,tt12540817,video,The Streets Fit But You Know It,The Streets Fit But You Know It,0,2012,Music-Short
14852,tt12533405,tvSeries,O Nosso Cônsul em Havana,O Nosso Cônsul em HavanaK,1,2019,Biography-Drama-History
14857,tt12542567,movie,The Devil,Xie mo,0,1981,Mystery
14863,tt1344727,short,The Incident at Tower 37,The Incident at Tower 37,0,2009,Animation-Short
14868,tt12533064,tvMovie,Les rebelles du foot,Les rebelles du footJ,0,2012,Documentary-History
14879,tt12534241,movie,Timebomb,Timebomb,0,2000,Action-Drama-SciFi
14885,tt12545340,short,Long Distance Information,Long Distance Information,0,2011,Drama-Family-Short
14888,tt2091127,tvSeries,The Cafe,The Cafe,0,2011,Comedy
14889,tt12541077,short,Conrad Brooks vs the Werewolfh,Conrad Brooks vs the Werewolf,0,2000,Comedy
14904,tt6172304,movie,Merrick,Merrick,0,2017,Drama
14908,tt5937980,short,Juice,Juice,0,2016,Drama-Short
14914,tt12534574,movie,The 300 SpartansM,The 300 SpartansR,0,1964,Adventure
14915,tt12539053,short,1150,1150,1,2019,Short
14932,tt12539617,movie,The Big Swella,The Big Swell,0,2004,Documentary
14936,tt12534253,tvMovie,VaterjagdW,VaterjagdM,0,2014,Comedy
14939,tt0087190,tvMovie,The Ebony Tower,The Ebony Tower,0,1984,Drama
14945,tt12536678,movie,Dnevnik direktora shkolyt,Dnevnik direktora shkoly,0,1970,Drama
14950,tt0977637,movie,The Art of Stealing,Arte de Roubar,0,2008,Action-Comedy-Crime
14953,tt0035040,movie,Un marido a precio fijo,Un marido a precio fijo,0,1942,Comedy
14960,tt12545161,tvSeries,Amigos del martesu,Amigos del martesp,1,1966,Musical
14967,tt12535853,movie,Un bugiardo in paradiso,Un bugiardo in paradisoo,1,1998,Comedy
14970,tt12537166,tvSeries,Tutti insieme allimprovvisoE,Tutti insieme allimprovviso,1,2021,Comedy
14977,tt12532924,movie,Un marido a precio fijor,Un marido a precio fijoS,0,1945,Comedy
15007,tt0303515,tvSeries,Quatsch Comedy Club,Quatsch Comedy Club,0,2002,Comedy-Documentary
15014,tt12538451,video,The Babysitter 6,The Babysitter 6,0,2000,Adult
15020,tt0077932,movie,Killers Delight,Killers Delight,0,1978,Horror-Thriller
15022,tt0212254,short,Jimmy Zip,Jimmy Zip,0,1996,Short
15023,tt12536713,short,The Trip to Memoryb,The Trip to Memory,0,2012,Documentary
15027,tt5078214,movie,In Bed with Victoria,Victoria,0,2016,Comedy-Drama-Romance
15031,tt1285278,short,Bedroom,Bedroom,0,2008,Drama-Short
15052,tt2154007,short,Trilby Hypnotic Scene,Trilby Hypnotic Scene,0,1895,Drama-Short
15056,tt12543062,movie,The Last Astronauto,The Last Astronautt,1,2019,SciFi
15062,tt12535450,movie,DominicanE,DominicanM,0,2008,Action
15070,tt12541797,movie,Wu hu si hai,Wu hu si hai,1,1992,Action-Crime-Thriller
15073,tt12535878,short,Spotting a Cowz,Het scheppen van een koe,0,1988,Short
15080,tt12538450,video,The Babysitter 6a,The Babysitter 6a,1,2006,Adult
15082,tt0197267,tvMovie,Bangkok  Ein Mädchen verschwindet,Bangkok  Ein Mädchen verschwindet,0,1999,Thriller
15086,tt12544635,tvMiniSeries,Brødrene Dal og spektralsteineneD,Brødrene Dal og spektralsteineneI,1,1982,Adventure-Comedy-Drama
15087,tt12544409,video,Superior Firepower The Making of Aliens,Superior Firepower The Making of Aliensi,1,2003,Documentary-SciFi
15097,tt12536239,video,The Art of Kissing 3u,The Art of Kissing 3,1,2013,Adult
15099,tt12533438,movie,Lolitas Club,Canciones de amor en Lolitas Club,0,2006,Drama
15118,tt0407961,video,Las lágrimas de Eros,Las lágrimas de Eros,1,2003,Adult
15131,tt12538698,short,DanaeC,Danaej,0,2004,Short
15136,tt5210858,short,Derachan of the Southern Island,Minami no Shima no Derachan,0,2014,Animation-Comedy-Short
15145,tt12542066,video,This Is HamletZ,This Is Hamlet,0,2019,Comedy-Documentary-Drama
15148,tt12541994,movie,Sanya and the Sparrowt,Sanya i Vorobey,1,2010,Documentary
15151,tt12545394,movie,The Towering Inferno,The Towering Infernor,0,1983,Action-Drama-Thriller
15154,tt5991582,tvMiniSeries,No Limit,Maentange Heding,0,2009,Comedy-Drama
15163,tt12531392,movie,Mahanagaramlo Mayagadu,Mahanagaramlo MayagaduM,0,1977,Action-Comedy-Crime
15173,tt12541324,short,Cageds,Cagedk,0,2016,Drama
15187,tt12541065,short,Beyond Black Mesae,Beyond Black Mesai,0,2015,Action-Short
15196,tt12540694,tvMovie,RitaH,Rita,1,2010,Drama
15199,tt12533513,video,Abbott  Costello Live  Hilariousb,Abbott  Costello Live  Hilariousp,1,1989,Comedy
15200,tt12541437,movie,Da feng bo,Da feng bo,0,1974,Action
15207,tt12537438,tvSeries,Official DetectiveJ,Official Detective,1,1957,Adventure-Mystery
15208,tt12536748,tvSeries,Bez svideteleyw,Bez svideteley,0,2012,Drama
15211,tt0478851,video,Brothers in Arms The Making of a Modern Western,Brothers in Arms The Making of a Modern Western,0,2005,Documentary-Short
15212,tt12538017,movie,Going Vertical The Shortboard Revolution,Going Vertical The Shortboard Revolutionx,1,2010,Documentary
15214,tt0063241,movie,The Golden Claws of the Cat Girl,La louve solitaire,0,1968,Adventure-Crime
15247,tt2339956,movie,Twin Reflex,Twin Reflex,0,2014,Mystery-SciFi-Thriller
15248,tt5916942,video,Superman Complexity  Truth,Superman Complexity  Truth,0,2016,Documentary-Short
15253,tt12539095,videoGame,Dead Head Fred,Dead Head FredR,0,2000,Comedy
15259,tt12535808,tvSeries,Amor Eterno Amory,Amor Eterno Amors,0,2014,Drama-Romance
15261,tt12532422,short,The FatherB,The Fathery,0,2009,Drama-Short
15266,tt12542012,tvSeries,Spy MyungwolH,Seupayi Myeongwol,1,2001,Romance
15272,tt12545172,tvSeries,The Detective,Karagah,0,2004,Crime
15276,tt8460750,video,Rodney Dangerfield Rappin Rodney,Rodney Dangerfield Rappin Rodney,0,1984,Comedy-Music-Short
15279,tt0409764,short,Blutrausch,Blutrausch,0,1999,Short
15282,tt0232677,short,Le songe des chevaux sauvages,Le songe des chevaux sauvages,0,1960,Short
15287,tt3526322,short,American Made,American Made,0,2003,Action-Drama-Family
15290,tt12545339,short,Long Distance Information,Long Distance Informationo,0,2011,Drama-Family-Short
15293,tt12541336,short,Queen Cake,Queen Cake,1,2013,Action-Comedy-Crime
15301,tt0204694,short,O Trabalho dos Homens,O Trabalho dos Homens,0,1997,Short
15307,tt12536729,tvMovie,Fords Dagenham Dreamg,Fords Dagenham Dreamg,1,2017,Documentary
15323,tt12542257,movie,For the Love of Elephants,For the Love of ElephantsD,1,2010,Documentary
15330,tt0074004,tvSeries,Ein Herz und eine Seele,Ein Herz und eine Seele,0,1973,Comedy
15351,tt12531527,movie,Aa Dekhen Zara,Aa Dekhen Zarap,1,2009,Thriller
15353,tt12545336,tvMovie,The VeteranB,The Veteran_,1,2002,War
15355,tt9435488,video,Kolera  Seni Seviyorsun,Kolera  Seni Seviyorsun,0,2018,Music-Short
15357,tt12542310,short,I Am Tiger Woodse,I Am Tiger WoodsT,1,2009,Comedy
15358,tt12543648,movie,Sumaithangi,Sumaithangi,1,1952,Drama
15369,tt12535275,video,Genesis History or MythE,Genesis History or MythO,0,1999,TalkShow
15376,tt1078899,video,Impulse,Impulse,0,2008,Drama-Mystery-Thriller
15379,tt12545166,short,TheThe Donut King,The Donut King,0,2002,Short
15396,tt2035561,tvMovie,Mad About English,Mad About English,0,2008,Documentary
15427,tt0990310,tvSeries,Sisters of Wellber,Wellber no monogatari,0,2007,Adventure-Animation-Comedy
15443,tt1562890,short,The Legend of the Grand Director,The Legend of the Grand Director,0,2006,Drama-Short
15447,tt12540575,short,Le czar en France  défilé des troupes,Le czar en France  défilé des troupest,0,1896,Documentary-Short
15456,tt12541406,tvSeries,Law of the Plainsmano,Law of the Plainsman,1,1959,Western
15459,tt12532705,movie,Bloody Forestp,Bloody Forestp,0,2017,Drama-Horror-Thriller
15460,tt12542408,video,Alfred Hitchcok and To Catch a Thief An AppreciationY,Alfred Hitchcok and To Catch a Thief An AppreciationP,0,2005,Short
15461,tt12535692,short,Last WishesV,Last Wishes,0,2014,Crime-Drama-Short
15466,tt12534376,short,4Cylinder 400,4Cylinder 400,0,2004,Documentary-Short
15469,tt12539759,movie,Suyamvaram,TheSuyamvaram,0,1996,Comedy
15478,tt12532524,short,CovenK,Covenb,0,2005,Short
15480,tt7905602,movie,Kala Varam Aaye,Kala Varam Aaye,0,2017,Drama-Romance
