tid,address,authors,booktitle,date,editor,id,institution,journal,month,note,pages,publisher,tech,title,type,volume,year
6,,"M. Ahlskog, J. Paloheimo, H. Stubb, P. Dyreklev, M. Fahlman, O. Inganas and M.R. Andersson,",,(1994).,,6,,"J Appl. Phys.,",,,"893,",,,,,"76,",
18,"Paderborn, FRG,","D. F. Brown, H. Moura, and D. A. Watt. Actress:","Proceedings of the 4th International Conference on Compiler Construction (CC'92),",October 1992.,"In U. Kastens and P. Pfahler, editors,",18,,,,"volume 641 of Lecture Notes in Computer Science,","pages 95-109,",Springer-Verlag.,,an action semantics directed compiler generator.,,,
24,NY:,"Conklin, J.",In Computer Supported Cooperative Work: A Book of Readings.,1985.,Ed. Irene Greit:,24,,,,,513,Morgan Kaufmann.,,Hypertext: An Introduction and Survey.,,,
25,"Hillsdale, NJ.","Cramer, N. L.","Proceedings of an International Conference on Genetic Algorithms and Their Applications,",(1985).,"In Grefenstette, J., editor,",25,,,,,"pages 183-187,",Lawrence Erlbaum Associates.,,A representation for the adaptive generation of simple sequential programs.,,,
29,,,"Proceedings of the Third International Conference on Genetic Algorithms,",(1989).,"In J. Schaffer (Ed.),",29,,,,,pp. 42-50.,Morgan Kaufmann.,,An investigation of niche and species formation in genetic function optimization.,,,
31,,"Dempster, A., Laird, N., and Rubin, D.",,(1977).,,31,,"Journal of the Royal Statistical Society B,",,,1-38.,,,Maximum likelihood from incomplete data via the EM algorithm.,,39,
36,,"Dutta, S. and Shekhar, S.","In International Joint Conference on Neural Networks,",1988.,,36,"Computer and Information Sciences, University of Florida",,,,pages 443-450.,,TR91-008,Bond rating: A non-conservative application of neural networks.,,"volume 2,",
38,,"Fahle, M.",,,,38,,"Vis. Res.,",,,2149-2184.,,,"(1991) Parallel perception of vernier offsets, curvature, and chevrons in humans.",,31:,
51,,"Lennart E. Fahlen, Charles Grant Brown, Olov Stahl, and Christer Carlsson.","In Proceedings of Interchi '93,",1993.,,51,,,,,"pages 43-48,",,,A space based model for user interaction in shared synthetic environments.,,,
71,"Cambridge, MA.","Fahlman, S. E.",,(1979).,,71,,,,,,"MIT Press,",,NETL: A System for Representing and Using Real World Knowledge.,,,
80,"Cambridge, MA.","Fahlman, S.E.",,(1979).,,80,,,,,,"MIT Press,",,NETL: A System for Representing and Using Real-World Knowledge.,,,
81,"Cambridge, MA,",Scott E. Fahlman.,,1979.,,81,,,,,,"MIT Press,",,NETL: A System for Representing and Using Real-World Knowledge.,,,
83,,S.E. Fahlman.,,,,83,,,,,,MIT Press.,,"NETL: A system for representing real-world knowledge,",,,
98,"Cambridge, Massachusetts,",S. Fahlman.,,1979.,,98,,,,,,"The MIT Press,",,NETL: A System for Representing and Using Real-World Knowledge.,,,
102,Menlo Park:,"Fahlman S, Touretzky D and van Roggen W,","In Proc IJCAI-81,",,,102,,,,International Joint Conferences on AI.,"257-263,",,,"Cancellation in a Parallel Semantic Network,",,,
104,,"Fahlman, S. & Hinton, G.",,(1987).,,104,,"Computer,",,,100-109.,,,Connectionist architectures for artificial intelligence.,,"20,",
108,"San Mateo, CA.","Fahlman, S.",Proc. of the Connectionist Model Summer School.,(1988).,"In Touretzky, D. , Hinton, G. , and Sejnowski, T. , (eds.),",108,,,,,,"Morgan Kaufmann,",,Faster-learning variations on backpropagation: An empirical study.,,,
137,,S. Fahlman.,"Proceedings of the 1988 Connectionist Models Summer School,",1988.,"In D. Touretzky, G. Hinton, and T. Sejnowsky, editors,",137,,,,,pages 38-51.,"Morgan-Kauffman,",,Faster-learning variations on backpropagation: an empirical study.,,,
178,,S. E. Fahlman.,,1988.,,178,,,,,,,"Technical Report CMU-CS-88-162, Carnegie-Mellon Universtity Technical Report,",An empirical study of learning speed in back propagation networks.,,,
192,"Pittsburgh, PA:","Fahlman, S.E. and Lebiere, C.,",,1991.,,192,"Carnegie-Mellon University,",,,,,,"(technical report), CMU-CS-90-100,","The Cascade-Correlation Learning Architecture,",,,
196,"Pittsburgh, PA 15213.","Fahlman, S. E. & Lebiere, C.",,"(1990),",,196,"School of Computer Science, Carnegie Mellon University,",,,,,,"Technical Report CMU-CS-90-100,","The Cascade-Correlation learning architecture,",,,
216,"Pittsburgh, PA,","Fahlman, S. E., and Lebiere, C.",,1990.,,216,"School of Computer Science, Carnegie Mellon University,",,,,,,"Tech. Rep.  CMU-CS-90-100,",The Cascade-Correlation learning architecture.,,,
236,"Pittsburgh, PA 15213,",S.E. Fahlman and C. Lebiere.,,1991.,,236,"School of Computer Science Carnegie Mellon University,",,,,,,"Technical report,",The cascade-correlation learning architecture.,,,
272,,"Fahlman, S. E. and Lebiere, C.",In Neural Information Processing Systems,1990.,"Touretzky, D. S. (ed).",272,,,,,pp 524-532.,"Morgan-Kauffman,",,The Cascade Correlation Learning Architecture.,,2.,
274,,"Fahlman, S. E. and Lebiere, C.",Advances in Neural Information Processing Structures,(1990).,"In Touretzky, D. S., editor,",274,,,,,pages 524 532.,Morgan Kaufmann.,,The cascade-correlation architecture.,,"2,",
289,"San Mateo, CA:","Fahlman, S. E., and Lebiere, C.",Advances in Neural Information Processing Systems,(1990).,"In Touretzky, D. S., editor,",289,,,,,524-532.,Morgan Kaufmann.,,The cascade-correlation learning architecture.,,"2,",
298,,"Fahlman, S. and Lebiere, C.",Advances in Neural Information Processing Structures,(1990).,"In Touretzky, D. S., editor,",298,,,,,pages 524-532.,Mor-gan Kaufmann.,,The cascade-correlation architecture.,,"2,",
308,,"Fahlman, S.E. & Lebiere, C.","In:Advances in Neural Information Processing Systems,",(1990),ed. D.S. Touretzky.,308,,,,,,Morgan Kaufmann.,,The cascade-correlation architecture.,,,
309,,"Fahlman, S.E. and Lebiere, C.",Advances in Neural Information Processing Systems,(1990).,,309,,,,,pp. 524-532.,Morgan Kaufmann.,,The Cascade-Correlation Learning Architecture.,,"II,",
311,"Denver, Colorado.","Fahlmann, S. E. and Lebiere, C.","In Advances in Neural Information Processing Systems 2 (NIPS-2),",(1989).,,311,,,,,,,,The cascade-correlation learning architecture.,,,
327,,"S. Fahlman and C. Lebiere,",in Advances in Neural Information Processing Systems,1990.,"(D. Touretzky, ed.),",327,,,,"(San Mateo),","pp. 524-532,","Morgan Kaufmann,",,"The cascade-correlation learning architecture,",,"vol.2,",
328,,"S. Fahlman and C. Lebiere,",in Advances in Neural Information Processing Systems,1990.,"(D. Touretzky, ed.),",328,,,,"(San Mateo),","pp. 524-532,","Morgan Kaufmann,",,"The cascade-correlation learning architecture,",,"vol. 2,",
335,,S. E. Fahlman and C. Lebiere.,"Neural Information Processing Systems,",1990.,"In D. Touretzky, editor,",335,,,,,,"Morgan Kauffman Inc.,",,The cascade-correlation learning architecture.,,volume 2.,
337,"San Mateo, CA)","S. Fahlman and C. Libiere,",Advances in Neural Information Processing Systems,,"in D. Touretzky (ed.),",337,,,,,P.524-532.,"(Morgan Kaufman,",,"The Cascade Correlation Architecture,",,2,
338,"San Mateo,",S.E. Fahlman and C. Lebiere.,"Advances in Neural Information Processing Systems,",1990.,"In D. Touretzky, editor,",338,,,,,"pages 524-532,",Morgan Kaufmann.,,The cascade-correlation learning architecture.,,"volume 2,",
347,"Los Altos, CA.","Fahlmann, Scott, C. Lebiere.",in Advances in Neural Information Processing,,,347,,,,,pp. 524-532.,Morgan Kaufmann Publishers:,,The Cascade-Correlation Learning Architecture.,,2.,
348,"Denver, Colorado,",S. E. Fahlman and C. Lebiere,"in NIPS 2,","(1990),","Editors D. Touretzky, M.",348,,,,,pp. 524-532.,"Kaufmann Publishers, Inc.,",,"The Cascade-Correlation Learning Architecture,",,,
349,,Scott E. Fahlman and Christian Lebiere.,"In [13],",1990.,,349,,,,,"pages 524-532,",,,The Cascade-Correlation learning architec-ture.,,,
350,,Scott E. Fahlman and Christian Lebiere.,"In [13],",1990.,,350,,,,,"pages 524-532,",,,The Cascade-Correlation learning architec-ture.,,,
356,"San Mateo, CA:","Fahlman, S.E. and Lebiere, C.","Advances in Neural Information Processing,","1990,","D.S. Touretzky, (Ed.)",356,,,,,pp. 524-532.,"Morgan Kauffman,",,"The cascade-correlation learning architecture,",,"vol. 2,",
357,,S. E. Fahlman and C. Lebiere.,"Advances in Neural Information Processing Systems,",1990.,"In D. Touretzky, editor,",357,,,,,pages 524-532.,"Morgan Kaufmann,",,The cascade-correlation learning architecture.,,"volume 2,",
363,"San Mateo, CA,",S. E. Fahlman and C. Lebiere.,Advances in Neural Information Processing Structures,1990.,"In D. S. Touretsky, editor,",363,,,,,pages 524532.,"Morgan Kauf mann,",,The cascade-correlation architecture.,,"2,",
364,San Mateo.,S. Fahlman and C. Lebiere.,"Advances in Neural Information Processing Systems,","1989, 1990.","In D. Touretzky, editor,",364,,,,,"pages 524-532,","Morgan Kaufmann,",,The cascade-correlation learning architecture.,,"volume 2,",
376,"San Mateo,",S.E. Fahlman and C. Lebiere.,"Advances in Neural Information Processing Systems,",1990.,"In D.S. Touretzky, editor,",376,,,,,"pages 524-532,",Morgan Kaufmann.,,The cascade-correlation learning architecture.,,"volume 2,",
400,"San Mateo, California:","Fahlman, S. E.",Advances in Neural Information Processing Systems,(1991).,"In Lippmann, R. P., Moody, J. E., and Touretzky, D. S., editors,",400,,,,,pages 190-196.,Morgan Kaufmann Publishers.,,The recurrent cascade-correlation architecture.,,"3,",
425,,"S. E. Fahlman, L. D. Baker and J. A. Boyan,",,1996.,,425,"CMU-CS-TR-96-184, Carnegie Mellon University,",,,,,,"Technical Report,","The Cascade 2 Learning Architecture,",,,
427,,"Fahln, L.E.; C.G.Brown; O.Stahl; C.Carlsson.",In proceedings of the InterCHI93 conference (Amsterdam).,1993.,,427,,,,,43-48.,"ACM, NY:",,A Space Based Model for User Interaction in Shared Synthetic Environments.,,,
433,,M. H. Hoehfeld and S. Fahlman.,,1992.,,433,,"IEEE Transactions on Neural Networks,",,,,,,Learning with Limited Numerical Precision Using the Cascade-Correlation Algorithm.,,"vol. 3, no. 4,",
442,"S pringer-Verlag, New York, NY","Knoop, J. and Steffen, B.,","in Proceedings of the Fourth International Conference on Compiler Construction,",(1992).,U. Kastens and P. ed.,442,,,,"Lecture Notes in Computer Science,",pp.125-140,"Pfahler,",,"The interprocedural coincidence theorem,",,"Vol. 641,",
448,,J. Knoop and B. Steffen.,"Proceedings of the Fourth International Conference on Compiler Construction, Lecture Notes in Computer Science",1992.,"In U. Kastens and P. Pfahler, editors,",448,,,,,pages 125-140.,"Springer Verlag,",,The interprocedural coincidence theorem.,,"Vol. 641,",
451,,"Kriegel, H.P., Heep S., Fahldiek A., Mysliwitz N.","Proc. 4th Int. Conf. DEXA 1993,",,,451,,,,,pp. 349-360.,,,Query Processing of Geometric Objects with Free Form Boundaries in Spatial Databases.,,,
461,,"Poggio, T., Fahle, M., and Edelman, S.",,(1992).,,461,,"Science,",,,1018-1021.,,,Fast perceptual learning in visual hyperacuity.,,256,
484,,"Fahlman, D. Fisher, R. Hamann, K. Kaufman, S. Keller, I. Kononenko, J. Kreuziger, R.S. Michal-ski, T. Mitchell, P. Pachowicz, Y. Reich, H. Vafaie, W. Van de Welde, W. Wenzel, J. Wnek, and J. Zhang.",,1991.,,484,"Carnegie Mellon University,",,,,,,"Technical Report CS-CMU-91-197,",The MONK's problems A performance comparison of different learning algorithms.,,,
485,,"Fahlman, D. Fisher, R. Hamann, K. Kaufman, S. Keller, I. Kononenko, J. Kreuziger, R.S. Michal-ski, T. Mitchell, P. Pachowicz, Y. Reich, H. Vafaie, W. Van de Welde, W. Wenzel, J. Wnek, and J. Zhang.",,1991.,,485,"Carnegie Mellon University,",,,,,,"Technical Report CS-CMU-91-197,",The MONK's problems A performance comparison of different learning algorithms.,,,
503,"Pittsburgh, PA,","Thrun. S.B., Bala, J., Bloedorn, E., Bratko, I., Cestnik, B., Cheng, J., De Jong, K.A., Dzeroski, S., Fahlman, S.E., Hamann, R., Kaufman, K., Keller, S., Kononenko, I., Kreuziger, J., Michalski, R.S., Mitchell, T., Pachowicz, P., Vafaie, H., Van de Velde, W., Wenzel, W., Wnek, J., and Zhang, J.,",,1991.,,503,"Carnegie Mellon University,",,,,,,"CMU-CS-91-197,","The MONKs Problems: A Performance Comparison of Different Learning Algorithms,",,,
508,,"S. B. Thrun, J. Bala, E. Bloedorn, I. Bratko, B. Cestnik, J. Cheng, K. de Jong, S. Dze-roski, S. E. Fahlman, D. Fisher, R. Hamann, K. Kaufaman, S. Keller, I. Kononenko, J. Kreusiger, R. S. Michalski, T. Mitchell, P. Pachowitz, Y. Reich, H. Vafaic, W. Van de Weldel, W. WEnzel, J. Wnek, and J. Zhang.",,1991.,,508,"Carnegie Mellon University,",,,,,,"Technical Report CMU-CS-91-197,",The monk's problems: a performance comparison of different learning algorithms.,,,
516,"Pittsburgh, PA.","S.B. Thrun, J. Bala, E. Bloedorn, I. Bratko, B. Cestnik, J. Cheng, K. De Jong, S. Dzeroski, S.E. Fahlman, D. Fisher, R. Hamann, K. Kaufman, S. Keller, I. Kononenko, J. Kreuziger, R.S. Michalski, T. Mitchell, P. Pachowicz, Y. Reich, H. Vafaie, W. Van de Welde, W. Wenzel, J. Wnek, and J. Zhang,",,,,516,"Department of Computer Science, Carnegie Mellon University,",,,,,,"Technical Report CMU-CD-91-197,",The MONK's problems a performance comparison of different learning algorithms.,,,
519,,"Thurn, S. B., Bala, J., Bloedorn, E., Bratko, I., Cestnik, B., Cheng, J., De Jong, K., Dzeroski, S., Fahlman, S. E., Fisher, D., Hamann, R., Kaufman, K., Keller, S., Kononenko, I., Kreuziger, J., Michalski, R. S., Mitchell, T., Pachowicz, P., Reich, Y., Vafaie, H., Van de Welde, W., Wenzel, W., Wnek, J., and Zhang, J.:",,1991.,,519,"Carnegie Mellon University,",,,The training and test data sets for the MONK's problems are available at the ftp site ics.uci.edu,,,"CMU-CS-91-197,","`The MONK's problems: A performance comparison of different learning algorithms',",,,
520,"Berlin, Germany,","Vitek, J., Horspool, R. N., and Uhl, J. S.","Proceedings of the Fourth International Conference on Compiler Construction,",1992.,"In Kastens U. and Pfahler, P., Eds.,",520,,,,"volume 641 of Lecture Notes in Computer Science, (Paderborn, Germany, Oct.).",pp. 236-250.,"Springer-Verlag,",,Compile-time analysis of object-oriented programs.,,,
521,,"Walter, J., Henke-Fahle, S. & Bonhoeffer, F.","Development 101,",,,521,,,,,909-913.,,,1987 Avoidance of posterior tectal membranes by temporal retinal axons.,,,
523,,"Weiss, Y., Edelman, S., and Fahle, M.",,(1993).,,523,,"Neural Computation,",,,695-718.,,,Models of perceptual learning in vernier hyperacuity.,,5,
526,,"Weiss, Y., Edelman, S., and Fahle, M.",,(1993).,,526,,"Neural Computation,",,,695-718.,,,Models of perceptual learning in vernier hyperacuity.,,5,
530,"Irvine, CA:","Kibler, D. & Aha, D. W.",Proceedings of the Fourth International Workshop on Machine Learning,,,530,,,,,(pp. 24-30).,Morgan Kaufmann.,,Learning Representative Exemplars of Concepts: An Initial Case Study.,,,(1987).
531,"Irvine, CA:","Kibler, D., & Aha, D. W.",In Proceedings of the Fourth International Workshop on Machine Learning,,,531,,,,,(pp.24-30.,Morgan Kaufmann.,,Learning representative exemplars of concepts: An initial case study.,,,(1987).
535,,"Kibler, D., and Aha, D.","In Proceedings of the 4th International Workshop on Machine Learning,",,,535,,,,,24-30.,,,Learning Representative Exemplars of Concepts: An Initial Case Study.,,,1987.
541,"Irvine, CA:","Kibler, D., and David W. Aha,",Proceedings of the Fourth International Workshop on Machine Learning.,,,541,,,,,pp. 24-30.,"Morgan Kaufmann,",,Learning representative exemplars of concepts: An initial case study.,,,(1987).
546,"Irvine, CA,",D. Kibler and D. Aha.,"In Proc. of the 4 th International Workshop on Machine Learning,",,,546,,,,,"pages 24-30,",,,Learning representative exemplars of concepts: An initial case study.,,,1987.
559,"Los Altos, CA,","Aha, D. W. & Kibler D.","In Proceedings of the Eleventh International Joint Conference on Artificial Intelligence (IJCAI-89),",,,559,,,,,pp. 794-799.,Morgan Kaufmann.,,Noise-Tolerant Instance-Based Learning Algorithms.,,,(1989).
564,"Detroit, MI:","Aha, D. W., & Kibler, D.",In Proceedings of the Eleventh International Joint Conference on Artificial Intelligence,,,564,,,,,(pp. 794-799).,Morgan Kaufmann.,,Noise-tolerant instance-based learning algorithms.,,,(1989).
578,"Detroit, MI,",D. Aha and D. Kibler.,"In Proceedings of IJCAI-89,",,,578,,,,,"pages 794-799,",Morgan Kaufmann.,,Noise-tolerant instance-based learning algorithms.,,,1989.
581,,"AHA, D.W., KIBLER, D. and ALBERT, M.K",,,,581,,"Machine Learning,",,,pp. 37-66.,,,"Instance-based learning algorithms,",,"Vol. 6,","1991,"
582,,"AHA, D.W., KIBLER, D. and ALBERT, M.K.",,,,582,,"Machine Learning,",,,pp. 37-66.,,,"Instance-based learning algorithms,",,"Vol. 6,","1991,"
614,,"Aha, D. W., Kibler, D., & Albert, M. K.",,,,614,,"Machine Learning,",,,37-66.,,,Instance-based learning algorithms.,,"6,",(1991).
630,,"Aha, D. W., Kibler, D., & Albert, M. K.",,,,630,,"Machine Learning ,",,,37-66.,,,Instance-based learning algorithms.,,"6 ,",(1991).
635,,"Aha, D., Kibler D., and Albert, M.K",,,,635,,Machine Learning,,,pp.37-66.,,,Instance-Based Learning.,,"6(1),",(1991).
642,,"Aha, D., Kibler, D., & Albert, M.",,,,642,,Machine Learning,,,pp. 37-66.,,,Instance-Based Learning Algorithms.,,6 (1):,(1991).
648,,"Aha, D., Kibler, D., and Albert, M.",,,,648,,"Machine Learning,",,,pp. 37-66.,,,Instance-based learning algorithms.,,"7,",(1991).
650,,"Aha, D.W., D. Kibler & Albert M.K.",,,,650,,"Machine Learning,",,,pp. 37-66.,,,"Instance-Based Learning Algorithms,",,"6,","(1991),"
674,,"Aha, D.W., Kibler, D., and Albert,",,,,674,,"Machine Learning,",,,37-66.,,,M.K. Instance-Based Learning Algorithms.,,"6,","1991,"
690,,"D. Aha, D. Kibler, and M. Albert.",,,,690,,"Machine Learning,",,,"37-66,",,,Instance-based learning algorithms.,,6,1991.
696,,"D. Aha, D. Kibler, and M. Albert.",,,,696,,"Machine Learning,",,,,,,Instance-based learning algorithms.,,"6(1),",1991.
703,IN.,"(Aha and Goldstone, 1992) Aha, D. W. and Gold-stone, R. L.","In Proceedings of the Fourteenth Annual Conference of the Cognitive Science Society,",,,703,"Indiana Univeristy, Bloomington,",,,,534-539.,Lawrence Erl-baum Associates.,,Concept learning and flexible weighting.,,,1992.
718,"Tahoe City, CA:","Datta, P., & Kibler, D.",Proc. Twelfth International Conference on Machine Learning,,,718,,,,,(pp. 158-166).,Morgan Kaufmann.,,Learning prototypical concept descriptions.,,,(1995).
723,,"Hampson, S. and Kibler, D.","DIMACS Challenge on Satisfiability Testing,",,,723,,,,,,,,Plateaus and plateau search in Boolean satisfiability problems: When to give up searching and start again.,,,1993.
726,,"Hampson, D., & Kibler, S.","DIMACS Series in Discrete Mathematics and Theoretical Computer Science: Cliques, Colors and Satisfiability,",,"In Johnson, D., & Trick, M. (Eds.),",726,,,,,pp. 437-456.,American Mathematical Society.,,Large plateaus and plateau search in boolean satisfia-bility problems: When to give up searching and start again.,,"vol.26,",(1995).
727,,"Hampson, D., & Kibler, S.","DIMACS Series in Discrete Mathematics and Theoretical Computer Science: Cliques, Colors and Satisfiability,",,"In Johnson, D., & Trick, M. (Eds.),",727,,,,,pp. 437-456.,American Mathematical Society.,,Large plateaus and plateau search in boolean satisfia-bility problems: When to give up searching and start again.,,"vol.26,",(1995).
736,,D. Kibler.,,,,736,"Computer Science Department, UC-Irvine,",,,,,,,Natural generation of heuristics by transforming the problem representation.,"Technical Report TR-85-20,",,1985.
747,"Glasgow, Scotland.","Kibler, D. & Langley, P.","In Proceedings of the Third European Working Session on Learning,",,,747,,,,,,Pitman.,,Machine learning as an experimental science.,,,(1988).
750,"Edinburgh, UK.","Kibler, D. & Langley, P.","In Proceedings of the Third European Working Session on Learning,",,,750,,,,,"(pp. 1-12),",,,Machine learning as an experimental science.,,,(1988).
762,Glasgow: Pittman.,"Kibler, D., & Langley, P.",Proceedings of the Third European Working Session on Learning,,,762,,,,,(pp. 81-92).,,,Machine learning as an experimental science.,,,(1988).
763,Glasgow:  Pittman.,"Kibler, D., & Langley, P.",Proceedings of the Third European Working Session on Learning,,,763,,,,,(pp. 81-92).,,,Machine learning as an experimental science.,,,(1988).
764,Glasgow:  Pittman.,"Kibler, D., & Langley, P.",Proceedings of the Third European Working Session on Learning,,,764,,,,,(pp. 81-92).,,,Machine learning as an experimental science.,,,(1988).
777,"Glasgow, Scotland:","Kibler, D., & Aha, D. W.",In Proceedings of the Third European Working Session on Learning,,,777,,,,,(pp. 63-80).,Pitman.,,Comparing instance-averaging with instance-filtering learning algorithms.,,,(1988).
779,,D. Kibler and D. Aha.,"In Proceedings of the Third European Working Session on Learning,",,,779,,,,,"pages 68-80,",,,Comparing instance-averaging with instance-filtering learn ing algorithms.,,,1988.
785,,"D. Kibler, D. Aha, and M. K. Albert.",,,,785,,"Machine Learning,",,,,,,Instance-based learning algorithms.,,"6(1),",1991.
787,,"Nilsson, N. J.",,,,787,,"Journal of Artificial Intelligence Research 1,",,,139 - 158.,,,"Teleo-reactive programs for agent control,",,,"(1994),"
791,"San Mateo, CA.","Norvig, P.",,,,791,,,,,,"Morgan Kaufmann,",,Paradigms of Artificial Intelligence Programming: Case Studies in Common Lisp.,,,(1992).
796,"Irvine,","Pazzani, M., & Kibler, D.",,,,796,Department of Information and Computer Science.,,,,,,,The utility of knowledge in inductive learning,(Technical Report 90-18).,,(1990).
806,"Boston, MA:","Pazzani, M. J., Kibler, D.",,,,806,,"Machine Learning,",,,1.,Kluwer Academic Publishers.,,The utility of knowledge in inductive learning.,,"volume 9,",(1992).
818,,"Pazzani, M., & Kibler, D.",,,,818,,"Machine Learning,",,,,,,The utility of knowledge in inductive learning.,,9 (1).,(1992).
821,,"Pazzani, M., & Kibler, D.",,,,821,,"Machine Learning,",,,57-94.,,,The utility of knowledge in inductive learning.,,"9,",(1992).
823,,"Pazzani, M., & Kibler, D.",,,,823,,"Machine Learning,",,,57-94.,,,The utility of knowledge in inductive learning.,,"9,",(1992).
824,,"Pazzani, M., & Kibler, D.",,,,824,,"Machine Learning,",,,57-94.,,,The utility of knowledge in inductive learning.,,"9,",(1992).
831,,"Pazzani, M., & Kibler, D.",,,,831,,"Machine Learning,",,,57-94.,,,The utility of knowledge in inductive learning.,,"9,",(1992).
836,,"Pazzani, M., & Kibler, D.",,,,836,,"Machine Learning,",,,57-94.,,,The utility of prior knowledge in inductive learning.,,"9,",(1992).
838,,"Pazzani, Michael and Kibler, Dennis 1992.",,,,838,,Machine Learning 9(1).,,,,,,The utility of knowledge in inductive learning.,,,
839,,"Pazzani, M. J. and Kibler, D.",,,,839,,"Ma chine Learning,",,,pp. 54-97.,,,The role of prior knowledge in inductive learning.,,"vol.9 (1992),",
844,,Michael Pazzani and Dennis Kibler.,,,,844,,"Machine Learning,",,,":57-94,",,,The utility of knowledge in inductive learning.,,(9),1992.
847,,Michael Pazzani and Dennis Kibler.,,,,847,,"Machine Learning Journal,",,,,,,The utility of knowledge in inductive learning.,,,1992.
857,,"Ruby, D., & Kibler, D.",In Proceedings of AAAI-91.,,,857,,,,,,AAAI Press.,,Learning subgoal sequences for planning.,,,(1991).
861,"Los Altos, CA:","Ruby, D., Kibler, D.",Proceedings of the Ninth National Conference on Artificial Intelligence.,,,861,,,,,,Morgan Kaufmann.,,SteppingStone: An empirical and analytical evaluation.,,,(1991).
864,,David Ruby and Dennis Kibler.,"In Machine Learning : proceedings of the Ninth International Workshop (ML92),",,,864,,,,,"pages 379-384,",,,Learning Episodes for Optimization.,,,1992.
868,,"T. A. Standish, D. C. Harriman, D. F. Kibler, and J. M. Neighbors,",,,,868,"Department of Information and Computer Science, University of California, Irvine,",,January,,,,,"The Irvine Program Transformation Catalogue,",,,1976.
906,,"Aha, D. W., Kibler, D., and Albert, M. K.",,,,906,,"Machine Learning,",,,37-66.,,,Instance-based learning algorithms.,,6(1),(1991).
911,,"Aha, D. W.; Kibler, D.; and Albert, M. K.",,,,911,,Machine Learning,,,37-66.,,,Instance-based Learning Algorithms.,,6,1991.
940,,"Aha, D. W.; Kibler, D.; and Albert, M. K.",,,,940,,Machine Learning,,,37-66.,,,Instance-based Learning Algorithms.,,6,1991.
953,,"D. W. Aha, D. Kibler, and M. K. Albert.",,,,953,,"Machine Learning,",,,"37-66,",,,Instance-based learning algorithms.,,6,1991.
955,,"D. W. Aha, D. Kibler, and M. K. Albert.",,,,955,,"Machine Learning,",,,"37-66,",,,Instance-based learning algorithms.,,6(1),1991.
956,,"D. W. Aha, D. Kibler, and M. K. Albert.",,,,956,,"Machine Learning,",,,"37-66,",,,Instancebased learning algorithms.,,6(1),1991.
962,,"David W. Aha, Dennis Kibler, and Marc K. Albert.",,,,962,,"Machine Learning,",January,,"37-66,",,,Instance-based learning algorithms.,,6(1),1991.
963,,"D. W. Aha, D. Kibler, and M. Albert.",,,,963,,"Machine Learning,",,,"37 -66,",,,Instance-based learning algorithms.,,6:,1991.
970,,"D. W. Aha, D. Kibler, and M. K. Albert.",,,,970,,"Machine Learning,",,,"37-66,",,,Instance-based learning algorithms.,,6(1),1991.
978,,"D. W. Aha, D. Kibler, and J. K. Albert.",,,,978,,"Machine Learning,",,,"37-66,",,,Instance-based learning algorithms.,,6(1),1991.
980,,"D. W. Aha, D. Kibler, and M. K. Albert.",,,,980,,"Machine Learning,",,,"37-66,",,,Instance-based learning algorithms.,,6(1),1991.
984,,"D. W. Aha, D. Kibler, and M. K. Albert.",,,,984,,"Machine Learning,",,,"37-66,",,,Instance-based learning algorithms.,,6(1),1991.
985,,"David W. Aha, Dennis Kibler, and Marc K. Albert.",,,,985,,"Machine Learning,",,,"37-66,",,,Instance-based learning algorithms.,,6,1991.
986,,"David W. Aha, Dennis Kibler, and Marc K. Albert.",,,,986,,"Machine Learning,",,,"37-66,",,,Instance-based learning algorithms.,,6(1),1991.
998,,"David W. Aha, Dennis Kibler, and Marc K. Albert.",,,,998,,"Machine Learning,",,,,,,Instance-based learning algorithms.,,"6(1),",1991.
1005,,"D. Aha, D. Kibler, and M. Albert.",,,,1005,,"Machine Learning,",,,,,,Instance-based learning algorithms.,,"6: 3766,",1991.
1013,,Dennis Kibler.,,,,1013,"Department of Computer Science, University of California at Irvine,",,,,,,,Natural generation of heuristics by transforming the problem representation.,"Technical Report TR-85-20,",,1985.
1015,,B. Porter and D. Kibler.,,,,1015,,"Machine Learning,",,,"249-286,",,,Experimental goal regression: A method for learning problem-solving heuristics.,,1,1986.
1019,"Glasgow, UK.","Kibler, D. and Langley, P.,",,,"editor,In Sleeman, D.,",1019,,,October,,"pages 81-92,","Turing Institute, Pitman.",,Machine Learning as an Experimental Science.,,,1988.
1022,"Glasgow, Scotland,","Kibler, D. and Langley, P.","In Proceedings of the Third European Working Session on Learning,",,,1022,,,,,,"Pitman,",,Machine Learning as an Experimental Science.,,,1988.
1034,,Michael Pazzani and Dennis Kibler.,,,,1034,,"Machine Learning,",,,"57-94,",,,The role of prior knowledge in inductive learning.,,9,1992.
1049,,"Ourston, D. & Mooney, R.",,,,1049,,"Artificial Intelligence,",,,273-309.,,,Theory refinement combining analytical and empirical methods.,,66(2),(1994).
1050,,M. Pazzani and D. Kibler.,,,,1050,,"Machine Learning,",,,"57-94,",,,The utility of background knowledge in inductive learning.,,9,1992.
1066,,"Pazzani, M. J., and Kibler, D.",,,,1066,,Machine Learning,,,57-94.,,,The utility of knowledge in inductive learning.,,9,(1992).
1078,,"Pazzani, M., and Kibler, D.",,,,1078,,"Machine Learning,",,,57-94.,,,The utility of background knowledge in inductive learning.,,9,(1992).
1083,,"Pazzani, M., and Kibler, D.",,,,1083,,Machine Learning,,,57-94.,,,The utility of background knowledge in inductive learning.,,9,1992.
1090,,M. Pazzani and D. Kibler.,,,,1090,,"Machine Learning,",,,"57-94,",,,The utility of knowledge in inductive learning.,,9,1992.
1097,,Micheal J. Pazzani and Dennis Kibler.,,,,1097,,"Machine Learning,",,,"54-97,",,,The role of prior knowledge in inductive learning.,,9,1992.
1108,,"Pazzani, M., and Kibler, D.,",,,,1108,,"Machine Learning,",,,"57-94,",,,"The utility of knowledge in inductive learning,",,9(1),1992.
1114,,Bruce Porter and Dennus Kibler.,,,,1114,,"Machine Learning,",,,"249-286,",,,Experimental goal regression: A method for learning problem-solving heuristics.,,1,1986.
1121,,D. Ruby and D. Kibler.,In Proceedings of AAAI-91.,,,1121,,,,,,"AAAI Press,",,Learning subgoal sequences for planning.,,,1991.
1128,"Amherst, MA.","Brodley, C. E. and Utgoff, P. E.",,,,1128,"Department of Computer Science, University of Massachusetts,",,,,,,,"Multivariate versus univariate decision trees,","Technical Report 92-8,",,(1992).
1144,"Amherst, MA,",Carla E. Brodley and Paul E. Utgoff.,,,,1144,"Dept. of Computer Science, University of Massachusetts,",,January,,,,,Multivariate versus univariate decision trees.,"Technical Report COINS-CR-92-8,",,1992.
1147,"Amherst, MA,",Carla E. Brodley and Paul E. Utgoff.,,,,1147,"Dept. of Computer Science, University of Massachusetts,",,January,,,,,Multivariate versus univariate decision trees.,"Technical Report COINS-CR-92-8,",,1992.
1150,"Amherst, MA,",Carla E. Brodley and Paul E. Utgoff.,,,,1150,"Dept. of Computer Science, University of Massachusetts,",,January,,,,,Multivariate versus univariate decision trees.,"Technical Report COINS-CR-92-8,",,1992.
1154,"Amherst, Massachusetts,",C. E. Brodley and P. E. Utgoff.,,,,1154,"University of Massachussets,",,,To appear in Machine Learning.,,,,Multivariate decision trees.,"COINS Technical Report 92-83,",,1992.
1163,,"Brodley, C. E. and Utgoff, P. E.",,,,1163,Department of Computer Sciences University of Massachussetts.,,,,,,,Multivariate versus univariate decision trees.,"Technical report,",,(1992).
1169,,C. E. Brodley and P. E. Utgoff.,,,,1169,,"Machine Learning,",,,,,,Goal-directed Classification Using Linear Machine Decision Trees.,,,1994.
1183,,"Brodley, C. E., & Utgoff, P. E.",,,,1183,,"Machine Learning,",,,,,,Multivariate decision trees.,,,(1994).
1188,,"Brodley, C.E. and Utgoff P.E.",,,,1188,,Machine Learning,,,45-77.,,,"Multivariate Decision Trees,",,"19,","(1995),"
1197,,Carla E. Brodley and Paul E. Utgoff.,,,,1197,,"Machine Learning,",,,"45-77,",,,Multivariate decision trees.,,19,1995.
1216,"Northwestern University, Chicago, IL,","Callan, J. and Utgoff, P.","In Proceedings of the Eighth International Workshop on Machine Learning,",,,1216,,,,,"pages 122-126,",Morgan Kauf-mann.,,A Transformational Approach to Constructive Induction.,,,1991.
1221,"San Mateo, CA:","J.P. Callan and P.E. Utgoff,","Proceedings of the Eighth International Workshop on Machine Learning,",,,1221,,,,,122-126.,"Morgan Kaufmann,",,A transformational approach to constructive induction.,,,
1223,"Anaheim, CA:","Callan, J. P., & Utgoff, P. E.",Proceedings of the Ninth National Conference on Artificial Intelligence,,,1223,,,,,pp. 614-619,MIT Press.,,Constructive induction on domain knowledge.,,,(1991).
1229,"Amherst, MA.","Cardie, C.","Proceedings, Tenth International Conference on Machine Learning.",,"IN P. Utgoff (Ed.),",1229,"University of Mas-sachusetts,",,,,,,,Using Decision Trees to Improve Case-Based Learning.,,,1993.
1233,"Amherst, MA,","Cardie, C.","Proceedings of the Tenth International Conference on Machine Learning,",,"In Utgoff, P., editor,",1233,"University of Massachusetts,",,,,"pages 25-32,",Morgan Kaufmann.,,Using Decision Trees to Improve Case-Based Learning.,,,1993.
1237,"San Mateo, CA,",R. Caruana.,"Proceedings of the Tenth International Conference on Machine Learning,",,"In Paul E. Utgoff, editor,",1237,,,,,"pages 41-48,",Morgan Kaufmann.,,Multitask learning: A knowledge-based of source of inductive bias.,,,1993.
1244,"San Mateo, CA,",R. Caruana.,"Proceedings of the Tenth International Conference on Machine Learning,",,"In P. E. Utgoff, editor,",1244,,,,,"pages 41-48,",Morgan Kaufmann.,,Multitask learning: A knowledge-based of source of inductive bias.,,,1993.
1247,"San Mateo, CA,",R. Caruana.,"Proceedings of the Tenth International Conference on Machine Learning,",,"In P. E. Utgoff, editor,",1247,,,,,"pages 41-48,",Morgan Kaufmann.,,Multitask learning: A knowledge-based of source of inductive bias.,,,1993.
1253,"San Mateo, CA,","Caruana, R.","in: Proceedings of the Tenth International Conference on Machine Learning,",,edited by P.  E. Utgoff.,1253,,,,,pp. 41-48.,"Morgan Kaufmann,",,Multitask Learning: A Knowledge-Based of Source of Inductive Bias.,,,"1993,"
1261,,"Clouse, J. A. & Utgoff, P. E.",In Proceedings of the Ninth International Conference on Machine Learning.,,"edited by P. Ed. D. Sleeman, & P. Edwards.",1261,,,,,92-101.,"Morgan Kaufmann,",,A Teaching Method for Reinforcement Learning.,,,(1992).
1303,,"B. A. Draper, Carla E. Brodley, and Paul E. Utgoff.",,,,1303,,"IEEE Transactions on Pattern Analysis and Machine Intelligence,",,,"888,",,,Goal-directed classification using linear machine decision trees.,,16(9):,1994.
1307,,"B. A. Draper, Carla E. Brodley, and Paul E. Utgoff.",,,,1307,,"IEEE Transactions on Pattern Analysis and Machine Intelligence,",,,":888,",,,Goal-directed classification using linear machine decision trees.,,16(9),1994.
1317,"Evanston, IL:","Fawcett, T. E., & Utgoff, P. E.",Machine Learning:  Proceedings of the Eighth International Workshop,,,1317,,,,,(pp. 137-141).,Morgan Kaufmann.,,A hybrid method for feature generation.,,,(1991).
1322,,"Fawcett, T. E. & Utgoff, P. E.","in Proceeding of the 9th International Workshop on Machine Learning,",,,1322,,,,,"p144-153,",,,"Automatic Feature Generation for Problem Solving Systems,",,,1992.
1334,,"Usama M. Fayyad, Nicholas Weir, and D. Djorgovski. SKICAT:","In ML-93 ,",,Editor: Paul E. Utgoff.,1334,,,,,pages 112-119.,,,A machine learning system for automated cataloging of large scale sky surveys.,,,
1338,,"Usama M. Fayyad, Nicholas Weir, and D. Djorgovski. SKICAT:","In ML-93 ,",,Editor: Paul E. Utgoff.,1338,,,,,pages 112-119.,,,A machine learning system for automated cataloging of large scale sky surveys.,,,
1343,,Scott B. Huffman and John E. Laird.,"Machine Learning: Proceedings of the Tenth International Conference,",,"In P. Utgoff, editor,",1343,,,,,,,,Learning procedures from inter-active natural language instructions.,,,1993.
1365,"Cambridge,CA.","Minton, S., Drummond, M., Bresina, J. L., & Phillips, A. B.","In Proceedings of the Third International Conference on Principles of Knowledge Representation and Reasoning,",,,1365,,,,,pp. 83-92,,,Total order vs. partial order planning: Factors influencing performance.,,,(1992).
1368,"San Mateo, CA.","Mitchell, T. M., Utgoff, P. E. & Banerji, R. B.",Machine Learning: An Artificial Intelligence Approach,,"In R.S.  Michalski, J.G. Carbonell, & T.M. Mitchell (Eds.),",1368,,,,,,"Morgan Kaufmann,",,Learning by experimentation: Acquiring and refining problem-solving heuristics.,,"(Vol. I),",(1983).
1369,"San Mateo, CA.","Mitchell, T. M., Utgoff, P. E. & Banerji, R. B.",Machine Learning: An Artificial Intelligence Approach,,"In R.S.  Michalski, J.G. Carbonell, & T.M. Mitchell (Eds.),",1369,,,,,,"Morgan Kaufmann,",,Learning by experimentation: Acquiring and refining problem-solving heuristics.,,"(Vol. I),",(1983).
1370,"San Mateo, CA:","Mitchell, T. M., Utgoff, P., & Banerji, R.",Machine leaning: An artificial intelligence approach,,"In R. Michalski, J. Carbonell, & T. Mitchell (Eds.),",1370,,,,,(pp. 163-190).,M. Kaufmann.,,(1983) Learning by experimentation: Acquiring and refining problem-solving heuristics.,,,
1387,,"Mitchell, T.M., Utgoff, P., and Banerji, R.","An Artificial Intelligence Approach,",,"(Eds.). Michalski et al.,",1387,,,,,,,,Learning by Experimentation: Acquiring and Refining Problem-Solving Heuristics. In Machine Learning:,,,1983.
1399,"Palo Alto, CA,","Tom Mitchell, Paul Utgoff, and Ranan Banerji.","In Machine Learning, An Artificial Intelligence Approach,",,,1399,,,,,,"Tioga Press,",,Learning by experimentation: Acquiring and refining problem-solving heuristics.,,Volume I.,1983.
1409,"San Mateo, CA.","Mitchell, T. M., Utgoff, P. E. & Banerji, R. B.",Machine Learning: An Artificial Intelligence Approach,,"In R.S.  Michalski, J.G. Carbonell, & T.M. Mitchell (Eds.),",1409,,,,,,"Morgan Kaufmann,",,Learning by experimentation: Acquiring and refining problem-solving heuristics.,,"(Vol. I),",(1983).
1424,,Dunja Mladenic.,"In ML-93 ,",,Editor: Paul E. Utgoff.,1424,,,,,pages 205-211.,,,Combinatorial optimization in inductive concept learning.,,,
1427,,Dunja Mladenic.,"In ML-93 ,",,Editor: Paul E. Utgoff.,1427,,,,,pages 205-211.,,,Combinatorial optimization in inductive concept learning.,,,
1430,,Dunja Mladenic.,"In ML-93 ,",,Editor: Paul E. Utgoff.,1430,,,,,pages 205-211.,,,Combinatorial optimization in inductive concept learning.,,,
1439,,"R. Musick, Jason Catlett, and S. Russell.","In ML-93 ,",,Editor: Paul E. Utgoff.,1439,,,,,pages 212-219.,,,Decision theoretic subsampling for induction on large databases.,,,
1443,,"R. Musick, Jason Catlett, and S. Russell.","In ML-93 ,",,Editor: Paul E. Utgoff.,1443,,,,,pages 212-219.,,,Decision theoretic subsampling for induction on large databases.,,,
1446,"San Francisco, CA.","Quinlan, J. R.",Proc. Int. Conf. on Mach. Learn.,,"In Utgoff, P. E. (Ed.),",1446,,,,,,Morgan Kaufmann.,,Combining instance-based and model-based learning.,,,(1993b).
1451,,John Ross Quinlan.,"In ML-93 ,",,Editor: Paul E. Utgoff.,1451,,,,,pages 236-243.,,,Combining instance-based and model-based learning.,,,
1466,,Harish Ragavan and Larry Rendell.,"In ML-93 ,",,Editor: Paul E. Utgoff.,1466,,,,,pages 252-259.,,,Lookahead feature construction for learning hard concepts.,,,
1493,,P. E. Utgoff.,,,,1493,"Rutgers, Laboratory for Computer Science Research,",,Oct.,,,,,Shift of Bias for Inductive Concept Learning.,"PhD thesis,",,1984.
1500,,P. Utgoff.,Machine Learning of Inductive Bias.,,,1500,,,,,,"Kluwer Academic,",,,,,1986.
1508,,P. E. Utgoff.,Machine Learning of Inductive Bias.,,,1508,,,,,,"Kluwer Academic Publishers,",,,,,1986.
1518,,P.E. Utgoff.,Machine Learning of Inductive Bias.,,,1518,,,,,,"Kluwer Academic Publishers,",,,,,1986.
1522,,P.E. Utgoff.,"Machine Learning: an artificial intelligence approach,",,"In R.S Michalski, J.G. Carbonell, and T.M. Mitchell, editors,",1522,,,,This article was processed using the L a T E X macro package with LLNCS style,pages 107-148.,"Morgan Kaufmann,",,Shift of bias for inductive concept-learning.,,,1986.
1525,,"Utgoff, P.","Machine Learning II,",,"In Michalski, R., Carbonell, J., and Mitchell, T., editors,",1525,,,,,pages 107-148.,Morgan Kaufman.,,Shift of bias for inductive concept learning.,,,(1986).
1528,,"Utgoff, P.","Machine Learning II,",,"In Michalski, R., Carbonell, J., and Mitchell, T., editors,",1528,,,,,pages 107-148.,Morgan Kaufman.,,Shift of bias for inductive concept learning.,,,(1986).
1537,"Los Altos, CA.","Utgoff, P.","In Machine Learning,",,,1537,,,,,,"Morgan Kaufmann,",,Shift of bias for inductive concept learning.,,volume 2.,(1986).
1538,"Los Altos, CA.","Utgoff, P.","In Machine Learning,",,,1538,,,,,,"Morgan Kaufmann,",,Shift of bias for inductive concept learning.,,volume 2.,(1986).
1539,"Los Altos, CA.","Utgoff, P.","In Machine Learning,",,,1539,,,,,,"Morgan Kaufmann,",,Shift of bias for inductive concept learning.,,volume 2.,(1986).
1559,,P.E. Utgoff.,"Machine Learning: An Artificial Intelligence Approach,",,"In R.S. Michalski, J.G. Carbonell, and T.M. Mitchell, editors,",1559,,,,,,"Morgan Kaufmann,",,Shift of bias for inductive concept learning.,,Volume II.,1986.
1565,,"Utgoff, P. E.","Machine Learning: An Artificial Intelligence Approach,",,"In Michalski, R.S.; Carbonell, J.G.; and T.M., Mitchell,",1565,,,,,107-148.,Morgan Kaufmann Publishers.,,Shift of bias of inductive concept learning.,,Vol II.,"1986,"
1574,"Los Altos, CA,",P. Utgoff.,,,"In R. Michalski, J. Carbonell, and T. Mitchell, editors,",1574,,"Machine Learning,",,,pages 163-190.,"Morgan Kauf-mann,",,Shift of bias for inductive concept learning.,,"volume 2,",1986.
1575,"Los Altos, CA,",P. Utgoff.,,,"In R. Michalski, J. Carbonell, and T. Mitchell, editors,",1575,,"Machine Learning,",,,pages 163-190.,"Morgan Kaufmann,",,Shift of bias for inductive concept learning.,,"volume 2,",1986.
1582,"Los Altos, CA,","Utgoff, Paul E.",Machine Learning. An Artificial Intelligence Approach.,,"In Michalski, Ryszard S., Carbonell, Jaime G., and Mitchell, Tom M., editors,",1582,,,,,pages 107-148.,"Morgan Kaufmann,",,Shift of bias for inductive concept learning.,,"Volume II,",1986.
1583,,P. E.,"in Machine Learning:  An Artificial Intelligence Approach,",,,1583,,,,,,Morgan Kaufmann.,,Utgoff Shift of Bias for Inductive Concept Learning,,,"1986,"
1585,"Los Altos, CA,","Utgoff, P. E.","Machine Learning: An Artificial Intelligence Approach,",,"In R. S. Michalski, J. G. Carbonell and T. M. Mitchell, Ed.,",1585,,,,,pp. 107-148.,"Morgan Kaufmann,",,Shift of Bias for Inductive Concept Learning.,,"Volume II,","1986,"
1595,"Ann Harbour,",Utgoff P.E.,"in Proc. of 5th International Workshop on Machine Learning , J.",,"Laird (ed.),",1595,,,,,,Morgan Kaufmann Inc.,,"ID5: An Incremental ID3,",,,(1988):
1596,"Ann Arbor, Michigan:","Utgoff, P.",Proceedings of the Fifth International Conference on Machine Learning,,,1596,,,,,(pp. 107 - 120).,Morgan Kaufmann.,,ID5R: An incremental ID3.,,27,(1988).
1609,,"Utgoff, P. E.","In Proc. 5th Int. Conf. on Machine Learning Ca,",,"J. Laird, Ed.,",1609,,,,,pp. 107-120.,"Kaufmann,",,Id5: an incremental id3.,,,(1988).
1617,"St. Paul, MN:","Utgoff, P. E.",Proceedings of the Seventh National Conference on Artificial Intelligence,,,1617,,,,,(pp. 601-606).,Morgan Kaufmann.,,Perceptron trees: A case study in hybrid concept representations.,,,(1988).
1619,,"Utgoff, P. E.","Proceedings of the Seventh National Conference on Artificial Intelligence,",,,1619,,,,,pages 601-606.,,,Perceptron trees: A case study in hybrid concept representations.,,,(1988).
1627,,Paul E. Utgoff.,"In Proceedings of the Seventh National Conference on Artificial Intelligence,",,,1627,,,,,pages 601-606.,"Morgan Kaufmann,",,Perceptron trees: a case study in hybrid concept representation.,,,1988.
1628,,P.E. Utgoff.,,,,1628,,"Machine Learning,",,This article was processed using the L a T E X macro package with LLNCS style,":161-186,",,,Incremental induction of decision trees.,,(4),1989.
1630,,P. Utgoff,,,,1630,,Machine Learning.,,,161-186.,,,. Incremental induction of decision trees.,,"Vol.4,",(1989)
1638,,"Utgoff, P. E.",,,,1638,,"Machine Learning,",,,161-186.,,,Incremental induction of decision trees.,,"4 ,",(1989).
1651,,"Utgoff, P. E.",,,,1651,,"Machine Learning,",,,161-186.,,,Incremental induction of decision trees.,,"4,",(1989a).
1657,,"Utgoff, P. E.",Machine Learning,,,1657,,,,,161-186.,,,Incremental induction of decision trees.,,4(2),1989.
1661,,"Utgoff, P.E.",,,,1661,pp.161-186.,,,,,,,"Incremental Decision Tress. Machine Learning,","vol.4,",,(1989).
1672,,P. E. Utgoff.,,,,1672,,"Machine Learning,",,,,,,Incremental induction of decision trees.,,"4,",1989.
1679,,Paul E. Utgoff.,,,,1679,,"Machine Learning,",,,"161-186,",,,Incremental induction of decision trees.,,4,1989.
1686,,P.E. Utgoff.,,,,1686,,"Machine Learning,",,,"161-186,",,,Incremental induction of decision trees.,,4,1989.
1727,,"Utgoff, P.",Connection Science. Set Curves Set Curves Set Curves Set Curves Curves Curves,,,1727,,,,,,,,Perceptron trees: A case study in hybrid concept representation.,,,(1989).
1732,"Los Altos, CA.","Utgoff, P. E., & Brodley, C. E.","In Proceedings of the Seventh International Conference on Machine Learning,",,,1732,,,,,,,,An incremental method for finding mul-tivariate splits for decision trees.,,,(1990).
1754,"Los Altos, CA,",Paul E. Utgoff and Carla E. Brodley.,"In Proceedings of the Seventh International Conference on Machine Learning,",,,1754,,,,,"pages 58-65,",Morgan Kauf-mann.,,An incremental method for finding multivariate splits for decision trees.,,,1990.
1783,"San Mateo, CA,",P. E. Utgoff and J. A. Clouse.,"In Proceedings of the Ninth Annual Conference on Artificial Intelligence,",1991.,,1783,,,,,"pages 596-600,",Morgan Kaufmann.,,Two kinds of training information for evaluation function learning.,,,
1785,"San Mateo, CA,",P. E. Utgoff and J. A. Clouse.,"In Proceedings of the Ninth Annual Conference on Artificial Intelligence,",1991.,,1785,,,,,"pages 596-600,",Morgan Kaufmann.,,Two kinds of training information for evaluation function learning.,,,
1791,"Amherst, MA: University of Massachusetts,","Utgoff, P. E., & Brodley, C. E.",,,,1791,Department of Computer and Information Science.,,,,,,,"Linear machine decision trees,","(COINS Technical Report 91-10),",,(1991).
1808,"University of Massachusetts, Amherst MA,",Paul E. Utgoff and Carla E. Brodley.,,,,1808,,,,,,,,Linear machine decision trees.,"Technical Report 10,",,1991.
1809,"Rutgers University, New Brunswick, NJ,",P. Utgoff.,"Proceedings of the Eleventh International Conference on Machine Learning,",,"In W. Cohen and H. Hirsh, editors,",1809,,,,,"pages 318-325,",Morgan Kaufmann.,,An Improved Algorithm for Incremental Induction of Decision Trees.,,,1994.
1812,,"Utgoff, P.",,,in Hirsh & Cohen,1812,,,,,pp. 318-326.,,,"An improved algorithm for incremental induction of decision trees,",,,"(1994),"
1816,,"Utgoff, P. E.","in Machine Learning:Proceedings of the Eleventh International Conference,",,,1816,,,,,pp. 318-325.,"Morgan Kaufmann,",,"An improved algorithm for incremental induction of decision trees,",,,"(1994),"
1828,,Paul E. Utgoff.,"In ML-94 ,",,Editors: William W. Cohen and Haym Hirsh.,1828,,,,,pages 318-325.,,,An improved algorithm for incremental induction of decision trees.,,,
1835,,Paul E. Utgoff.,"In ML-94 ,",,Editors: William W. Cohen and Haym Hirsh.,1835,,,,,pages 318-325.,,,An improved algorithm for incremental induction of decision trees.,,,
1871,"882-888 Cambridge, MA.","Yee, R. C., Saxena, S., Utgoff, P. E., & Barto, A. G.","In Proceedings of the Eight National Conference on Artificial Intelligence (AAAI-90),",,,1871,,,,,pp.,AAAI Press/MIT Press.,,Explaining temporal differences to create useful concepts for evaluating states.,,,(1990).
1875,,"Richard C. Yee, Sharad Saxena, Paul E. Utgoff, and Andrew C. Barto.","In Proceedings of AAAI-90,",,,1875,,,,,,,,Explaining temporal-differences to create useful concepts for evaluating states.,,,1990.
