tid,titleId,ordering,title,region,isOriginalTitle
6901,tt12540984,1,Back to OZ,US,0
6903,tt12538541,4,Vera,PL,0
6909,tt3089896,1,Ali AlZibaq,EG,0
6910,tt12545337,9,Recuerdos de la guerra,AR,1
6912,tt0043072,7,Tripolis,XWG,0
6913,tt3142914,3,Ask aglatir,TR,0
6920,tt0271887,1,Zivi mrtvaci,YUCS,0
6923,tt0457121,3,Соловей,RU,0
6924,tt12538519,8,Frankenstein vs Baragon,XWW,0
6927,tt12533289,7,Tempo de Espera,BR,0
6928,tt1863203,4,Работодатель,RU,0
6939,tt12545484,4,The Prodigals Mother,US,0
6941,tt0043677,7,Inside the Walls of Folsom Prison,US,0
6953,tt0354068,2,Superprodukcja,PL,0
6954,tt1663660,5,On the Ice,FR,0
6955,tt0068972,12,Smrt se osmehuje ubici,XYU,0
6956,tt12541654,8,The Mystery of St Pauls Hospital,XWW,0
6959,tt4134678,1,Tutti insieme allimprovviso,IT,0
6962,tt0085273,2,Brandende liefde,NL,0
6963,tt12531412,2,Пятница вечер,RU,1
6972,tt0203189,1,Radar,US,0
6973,tt12545482,3,La madre pródiga,MX,0
6974,tt12535121,3,Tainted in Red,XWW,1
6975,tt0387937,3,Cipriano,DE,0
6977,tt12539291,11,Sumpfwasser,AT,0
6979,tt12541067,9,Oni dani,RS,0
6982,tt0075922,25,The House by the Lake,US,0
6985,tt12533616,6,The Story of Kerry Josie and Diana,AU,0
6987,tt0043677,13,Inside the Walls of Folsom Prison,CA,0
6996,tt12534013,10,See Plum Run,CA,1
6999,tt3212614,1,Dominican,US,0
7007,tt0090825,3,Melody of Passion,CH,0
7009,tt12544495,3,MTVs Club Dead,XWW,0
7014,tt0075922,11,Fin de semana sangriento,AR,0
7016,tt12541592,31,Невероятният Хълк,BG,0
7017,tt12540494,1,Wicked Conclusions,US,0
7018,tt12536237,9,Dianomi kat oikon,GR,1
7022,tt12534503,6,Mahkumlar,AZ,0
7023,tt0036374,5,Someone to Remember,US,0
7027,tt0108622,7,Blade of Fury,FR,0
7028,tt0328285,3,Sarah Youngs Private Affairs Vol 7,US,0
7031,tt12535644,1,Részletkérdések,HU,0
7039,tt0103893,6,Buffy  Vampyrdödaren,SE,0
7046,tt1545097,5,Harriet a Espiã Guerra de Blogs,PT,0
7050,tt12538878,1,The Forest Legends Reflection of the New Awakening,FI,0
7051,tt12544460,10,El Zebaq,EG,0
7053,tt0800080,24,Неймовірний Халк,UA,0
7054,tt12536309,1,68 Kill,US,0
7056,tt12531863,6,The Wiccan,US,0
7058,tt12538283,1,Tromos stous lofous,GR,0
7062,tt0351716,4,Sheng Baoluo yi yuan zhi mi,CN,0
7067,tt12534575,7,A háromszáz spártai,HU,0
7074,tt2277728,3,Dream Defenders,SG,0
7076,tt12537070,13,バッフィ ザ・バンパイア・キラー,JP,0
7083,tt12541995,1,Sanya and the Sparrow,XWW,0
7084,tt12535856,5,Ladies Who Do,US,0
7086,tt12532111,3,The Fourth Reich,GB,1
7090,tt12538615,7,妄執の影,JP,0
7093,tt12534504,5,Mahkumlar,AZ,0
7097,tt6355698,1,The Last Astronaut,US,0
7098,tt12532295,7,Ghost Story for Christmas The Ash Tree,GB,1
7099,tt6401390,1,Beyond Black Mesa,GB,0
7100,tt12533587,3,Χάριετ η Κατάσκοπος Ο Πόλεμος των Μπλογκ,GR,0
7101,tt0103893,24,Buffy Caçadora de Vampiros,PT,0
7103,tt0076210,22,Острів доктора Моро,UA,0
7108,tt0168007,2,Испытательный срок,SUHH,0
7109,tt12544388,4,Тхэквондо,RU,0
7111,tt12535784,12,Ana com A,PT,0
7115,tt2040565,2,To Epos tou Biorn,GR,0
7118,tt12544518,7,Naga zemsta,PL,1
7123,tt12538281,4,Хиллсайдские каннибалы,RU,0
7125,tt12536597,1,Race 2 Race,US,0
7129,tt12544846,8,Directors Commentary Terror of Frankenstein,US,1
7134,tt4730224,3,Час до убийства,RU,0
7135,tt12532885,12,Inside the Walls of Folsom Prison,GB,0
7136,tt12538541,8,Vera,US,1
7137,tt12545835,7,Chrysalis,US,1
7141,tt7089878,6,Liz und der Blaue Vogel,DE,0
7144,tt12542568,10,The Devil,HK,1
7147,tt12543668,5,Ingrop viii,RO,0
7148,tt12537070,6,Buffy la caza vampiros,AR,0
7149,tt12535784,10,Chiamatemi Anna,IT,1
7152,tt12539978,4,Bruine,FR,1
7154,tt7410352,5,Американска принцеса,BG,0
7163,tt12537199,7,MasterChef Turkey,TR,0
7164,tt0494712,4,Хиллсайдские каннибалы,RU,0
7168,tt1548628,8,Vrisak banši,RS,0
7170,tt1545097,11,Harriet la spia la guerra dei blog,IT,0
7174,tt0076210,30,La isla infernal del Dr Moreau,MX,0
7181,tt2180561,4,Маркетинг безумия Мы сошли с ума,RU,0
7184,tt12540412,5,Überfall in der Teufelsschlucht,XWG,0
7186,tt0074235,11,Woody Guthrie  lyckans land,SE,0
7189,tt7089878,7,Liz and the Blue Bird,XWW,0
7193,tt12532348,10,Airpocalypse,XWW,1
7201,tt0816629,2,Rock podvraťáků,CZ,0
7211,tt0169268,5,ステイト・オブ・ドッグス,JP,0
7213,tt12536431,3,The Formula,US,0
7217,tt0435050,1,In a Garden,US,0
7220,tt1863203,6,The Employer,US,0
7222,tt0800080,33,Невероватни Хулк,RS,0
7224,tt0068972,11,La muerte sonríe al asesino,ES,0
7227,tt0074235,9,Dicsőségre ítélve,HU,0
7231,tt12540412,10,Texas Trail,US,1
7233,tt7510284,1,National Theatre Live Cat on a Hot Tin Roof,AU,0
7239,tt4730224,6,Cuatro Stinkos,US,0
7241,tt0023398,7,Rytteren fra Dødsdalen,DK,0
7242,tt12536103,6,Keine Angst vor Liebe,DE,0
7252,tt2770480,4,Спомни си в неделя,BG,0
7255,tt12531699,9,Aswang,PH,0
7260,tt12545484,9,Ik had een zoon,BE,1
7262,tt12542282,10,Pied Piper Porky,US,1
7264,tt12536338,10,Római lányok,HU,1
7268,tt12544635,4,Bröderna Dal och de mystiska spektralstenarna,SE,0
7272,tt12540397,2,南の島のデラちゃん,JP,0
7275,tt12537040,3,Молодежка,RU,1
7279,tt12537070,5,Buffy Caçadora de Vampiros,PT,0
7281,tt12535784,8,Anne with an E,CA,0
7285,tt0328820,4,Dianomi kat oikon,GR,0
7286,tt12540527,12,Código do Crime,PT,0
7289,tt0076210,2,Lisola del dottor Moreau,IT,0
7292,tt12538615,2,Obsession,BE,1
7293,tt12535243,1,Waco II the Big Lie Continues,US,0
7297,tt0303418,1,Agua y aceite,MX,0
7301,tt12542969,5,Bichinhos de Estimação,BR,0
7304,tt12541123,11,Tripolis,AT,0
7315,tt12537070,9,Buffy der Vampir Killer,DE,1
7318,tt12543076,7,Juno Helps Out,GB,1
7320,tt12538451,3,The Babysitter 6,US,1
7323,tt12543668,4,Entierro a los vivos,ES,0
7325,tt12534799,8,Flash mortal,ES,0
7328,tt12545482,4,The Prodigals Mother,US,0
7336,tt0081563,14,Squilli di sangue,IT,0
7342,tt0471839,1,Night Pastor,GB,0
7343,tt12538248,8,Le Survivant des Abysses,FR,0
7348,tt0110246,2,Kaspar Hauser  Verbrechen am Seelenleben eines Menschen,DE,0
7349,tt12544710,1,Kissa ja Varjo,FI,0
7352,tt0053195,2,O Pão,PT,0
7355,tt12534240,12,Timebomb,GB,0
7356,tt0103893,13,バッフィ ザ・バンパイア・キラー,JP,0
7363,tt12540527,5,The Bletchley Circle,DE,0
7371,tt11898442,2,Rendezvous avec le destin,FR,0
7375,tt12536010,9,Pop Aye,FR,1
7378,tt12531253,1,Mab,GB,0
7385,tt12541953,5,Ché Guevara  Aufstieg und Fall eines großen Revolutionärs,DE,0
7390,tt12538237,9,Ricordami ancora,IT,0
7396,tt0061784,8,Terreur au Km,FR,0
7397,tt12537070,9,Buffy la cazavampiros,ES,0
7403,tt12531236,1,Transit,GB,0
7411,tt12534903,3,La banda Vallanzasca 1977,IT,0
7413,tt12532924,5,Un marido a precio fijo,ES,0
7414,tt12537274,2,Eebenpuutorni,FI,0
7426,tt12542936,4,Cipriano,BR,0
7428,tt12537231,1,Doutores Palhaços,PT,0
7429,tt12533616,2,14s Good 18s Better,AU,0
7431,tt0327379,1,Pacific Paradise Police,DK,0
7433,tt4037876,1,Rafaël,NL,0
7434,tt12538519,3,Frankenstein alla conquista della Terra,IT,1
7435,tt0854119,1,Descifrando el código de los magos Los más grandes secretos de la magia finalmente revelados 2,ES,0
7436,tt12541705,20,El médico alemán Wakolda,ES,0
7438,tt12535725,3,In Their Room Berlin,IN,0
7444,tt12538519,5,Frankenstein vs Godjirra,JP,1
7449,tt1708505,3,Snake Charmer,GR,0
7453,tt0494712,8,Dealuri canibale,RO,0
7455,tt12532814,7,Love Eterne Mourning,US,1
7458,tt12544327,4,Alle lieben Peter,XWG,0
7461,tt2104487,4,Нито с теб нито без теб,BG,0
7468,tt12533482,1,Un Entretien,ES,0
7470,tt0372046,2,Amigos del lunes,ES,0
7481,tt2040565,5,Сага о Бьорне,RU,0
7482,tt0075922,6,Death Weekend,CA,0
7486,tt0494712,3,Tromos stous lofous,GR,0
7489,tt12538899,6,Nada za vuka,RS,1
7490,tt0076210,3,Förvandlingens Ö,SE,0
7499,tt1010401,1,Heavy Metal,FI,0
7501,tt12545321,3,Arrastao,GR,0
7510,tt6218548,3,Happy Dorm,XWW,0
7512,tt0232677,1,O Sonho dos Cavalos Selvagens,PT,0
7513,tt12542505,3,Familien Jul,DK,0
7514,tt0210959,1,Sal Santen rebel,NL,0
7515,tt12538459,1,Airport,HR,0
7525,tt12545393,23,Ад под небето,BG,0
7527,tt0081563,10,Stone Cold Dead,GB,0
7528,tt0068972,2,Ölüm Katile Gülümsedi,TR,0
7532,tt0402526,1,Terminal,ES,0
7534,tt12541705,6,Den tyske läkaren,SE,0
7535,tt7089878,2,リズと青い鳥,JP,0
7536,tt12538383,6,Matar a Jesús,FR,0
7539,tt2770480,10,Jeden Tag aufs Neue,DE,0
7540,tt7090140,3,Coda,US,0
7544,tt2770480,7,Lamour au jour le jour,FR,0
7547,tt0094926,1,Olho de Cristal,BR,0
7556,tt12541275,13,Jessie,MX,0
7559,tt12532111,7,The Fourth Reich,US,0
7560,tt12533927,2,Super Stunt  Die Draufgänger vom Dienst,XWG,0
7561,tt12533506,2,Behçet Cezayirde,TR,0
7568,tt0036374,7,Qualcuno da ricordare,IT,0
7570,tt0387937,2,Cipriano,BR,0
7572,tt12538283,4,Хиллсайдские каннибалы,RU,0
7583,tt0103893,23,Buffy the Vampire Slayer,GB,0
7584,tt0412270,1,100 Blowjobs 15,US,0
7588,tt12545734,1,Distortion,CA,0
7599,tt0057241,3,Dame koje rade,XYU,0
7604,tt12540412,3,Hyökkäys kummituslaaksossa,FI,0
7611,tt12541592,1,Невероятный Халк,RU,0
7620,tt12531638,3,Sarah Youngs Private Affairs Vol 7,US,0
7623,tt0173787,1,Días de tormenta,ES,0
7628,tt12533587,8,Harriet a Espiã Guerra de Blogs,BR,0
7630,tt12535725,1,In Their Room Berlin,US,0
7633,tt1758611,2,For the Love of Elephants,CA,0
7634,tt0257384,1,Allari Premikudu,IN,0
7645,tt0284537,1,Saturday,XWW,0
7647,tt7089878,5,Лиз и синяя птица,RU,0
7650,tt12533928,4,Superstunt II,US,0
7654,tt0108622,1,Dühöngő kard,HU,0
7657,tt0328285,2,Private Affairs Vol 7,DE,0
7661,tt12544012,1,Extreme Schoolgirls 4,US,0
7662,tt12545337,3,The Veteran,IT,0
7665,tt0331289,3,Mer Matador,DK,0
7666,tt0169268,7,Kulkukoirana Mongoliassa,FI,0
7667,tt2234551,1,Villain Auditions,US,0
7668,tt0336821,2,Gowharshad Mosque,XWW,0
7676,tt12541705,5,Den tyske læge,DK,0
7682,tt12532348,10,Airpocalypse,US,0
7689,tt1708505,4,Snake Charmer,HK,0
7691,tt0072885,8,Дневник директора школы,SUHH,0
7692,tt1213609,1,Squeegees,US,0
7693,tt12537038,6,Vrisak banši,RS,0
7705,tt12535189,1,InSight,US,0
7706,tt0075922,17,FimdeSemana Sangrento,PT,0
7707,tt0103893,29,Buffy i vampirofonissa,GR,0
7709,tt12541834,10,Zarmina Lifting the Veil,GB,0
7712,tt12543266,8,Glee Casting Session,US,0
7718,tt12534575,9,The 300 Spartans,GB,0
7720,tt12542909,3,Xia yi zhan Tian Hou,HK,0
7722,tt1787747,1,The Salesman,XWW,0
7723,tt8061420,1,Zie mij doen,BE,0
7724,tt12545835,3,Ray Bradburys Chrysalis,US,0
7732,tt12534122,1,Ein Herz und eine Seele,XWG,0
7733,tt12100536,2,Khodahafez Dokhtar Shirazi,IR,0
7734,tt0382255,2,Against the Wall,CA,0
7740,tt0277359,3,Super Stunt  Die Draufgänger vom Dienst,XWG,0
7743,tt12534240,2,Total Terminator,DE,1
7745,tt12539290,4,In den Sümpfen,XWG,1
7746,tt12539290,3,Vlucht in het moeras,NL,0
7753,tt12538865,1,Импулс,BG,0
7754,tt12537456,4,Sangre sobre los rieles,AR,0
7755,tt12544050,5,Sin Escape,US,0
7756,tt12534800,14,Squilli di sangue,IT,0
7761,tt12533289,5,The Season of Men,XWW,1
7762,tt8594582,3,Father of Four  On the Sunny Side,XWW,0
7768,tt0075922,2,FimdeSemana Mortal,BR,0
7770,tt4730224,4,Hog Hunters,US,0
7772,tt11898442,7,Spiel mit dem Schicksal,DE,0
7773,tt0074235,2,Dieses Land ist mein Land,XWG,0
7774,tt12541725,9,Whitney Houston Where Do Broken Hearts Go,US,0
7781,tt12533225,3,Werewolf,IN,0
7782,tt12539430,2,Maidstone,GB,0
7790,tt12535784,6,Anne with an E,FR,0
7792,tt12541832,10,Kermesse Erótica,PT,1
7798,tt0169268,3,State of Dogs,GB,0
7803,tt12541125,6,Sheikin morsian,FI,1
7804,tt12542632,4,Prokleta lepota,RS,0
7807,tt0028584,6,Arizona Thunderbolt,US,0
7808,tt0074235,6,Landet der er mit,DK,0
7818,tt12539291,8,Mocvara,XYU,1
7821,tt12533614,7,14s Good 18s Better,AU,0
7828,tt12538383,1,Killing Jesus,XEU,1
7832,tt0043677,8,Rautamiehet,FI,0
7835,tt12540622,3,Capricho,MX,0
7840,tt1171628,3,Die Stimme aus dem Hut  Eine Geschichte aus Soho,XWG,0
7842,tt0075922,3,Un violento weekend di terrore,IT,0
7845,tt2180561,1,The Marketing of Madness Are We All Insane,US,0
7846,tt2608638,1,Inside Out,GB,0
7850,tt0320558,3,El séptimo arcángel,AR,0
7852,tt12542555,3,Südpol,AT,0
7860,tt7410352,3,American Princess,AU,0
7862,tt0800080,29,Neuveritelný Hulk,SK,0
7864,tt2873162,1,Sweeping Forward,CA,0
7865,tt0232677,4,Der Traum der wilden Pferde,XWG,0
7876,tt12531864,4,Halloween maudit,FR,0
7878,tt1570565,1,The Coach 40 YearOld Figure Skater,XWW,0
7882,tt12537438,1,Official Detective,US,0
7883,tt0043677,18,La révolte des condamnés,BE,0
7885,tt0800080,38,The Incredible Hulk,TR,0
7889,tt0023398,9,Destry of Death Valley,US,0
7890,tt0061784,11,暴走52マイル,JP,0
7893,tt0068972,14,Smrt se smijesi ubojici,XYU,0
7894,tt12538520,16,Frankenstein conquista el mundo,AR,0
7895,tt12538520,21,Frankenstein  Der Schrecken mit dem Affengesicht,AT,0
7896,tt1978512,1,Portraits in Dramatic Time,US,0
7897,tt0800080,37,Neverjetni Hulk,SI,0
7898,tt7510284,5,National Theatre Live Kotka na goracym blaszanym dachu,PL,0
7904,tt12541592,23,Incredibilul Hulk,RO,0
7905,tt12540527,6,Bletchley Circle,SE,0
7909,tt2770480,11,Como Não Esquecer,PT,0
7911,tt0232677,5,Le songe des chevaux sauvages,FR,0
7913,tt1339463,4,Detective Conan Conan vs Kid vs Yaiba  The Grand Battle for the Treasure Sword,XWW,0
7914,tt12545321,4,Merten rakastavaiset,FI,0
7918,tt12531413,12,Пятница вечер,RU,0
7921,tt12536338,10,Die Mädchen vom Spanischen Platz,DDDE,1
7928,tt12543284,1,UFOs Above and Beyond,US,0
7929,tt12532687,4,A Napsugárhajú lány,HU,1
7934,tt12540136,1,La mort a souri à lassassin,FR,0
7935,tt2265265,1,Young Single and Mormon,GB,0
7938,tt12537070,6,Bichette la terreur,CA,1
7948,tt12543654,3,La gatta dagli artigli doro,IT,0
7952,tt4296800,5,Thieves,US,0
7953,tt12543569,9,Crash Goes the Hash,US,0
7954,tt12536103,1,Dont Be Afraid of Love,US,0
7957,tt12531412,9,Friday Night,US,1
7960,tt0317202,2,Nel labirinto del terrore,IT,0
7961,tt12543879,3,Bandits of the West,US,0
7963,tt12542722,3,Who Is Dayani Cristal,GB,0
7964,tt12541592,3,Uskumatu Hulk,EE,1
7968,tt12543717,7,Кто поёт  дурно не думает,SUHH,0
7969,tt0076210,9,A Ilha do Dr Moreau,BR,0
7970,tt12541123,5,Tripoli,SE,0
7974,tt12537456,3,Człowiek na torze,PL,1
7976,tt12544943,5,Knight School with Coach Bobby Knight,US,0
7979,tt12545393,28,Tawâringu inferuno,JP,0
7980,tt12532885,10,Motín,MX,0
7981,tt0387133,2,World Cup KoreaJapan,XWW,0
7984,tt12534575,10,Cei 300 de Spartani,RO,1
7986,tt0103893,12,Buffy tueuse de vampires,CA,0
7987,tt12534045,9,Moonam Naal Njayarazhcha,IN,1
7988,tt12540412,4,Vildhästarnas dal,SE,0
7993,tt0072885,7,Dziennik dyrektora szkoły,PL,0
7994,tt0043072,13,Aihmalotoi ton Vedouinon,GR,0
8001,tt12539290,16,La palude della morte,IT,0
8005,tt12541031,2,Всё наоборот,SUHH,1
8006,tt12543041,1,När syrenerna blomma,SE,0
8008,tt12545482,1,Ik had een zoon,BE,0
8013,tt12531957,5,Potiche,FR,1
8018,tt0043072,5,Tripoli,SE,0
8021,tt12545393,4,Wolkenkrabber in Vlammen,BE,1
8022,tt4026034,1,Hired Gun,US,0
8035,tt12535443,3,Michael Myers vs Ghostface,US,0
8036,tt12534428,8,The Mississippi,US,1
8040,tt12531827,3,Rainbow Six Vegas,CA,0
8044,tt12541180,9,Bad Owl and the Fox Boy,GB,0
8048,tt1337354,3,Miracle Fish,AU,0
8049,tt12532253,13,O Deserto da Morte,PT,0
8051,tt12545393,3,Flammendes Inferno,AT,0
8052,tt0023398,13,O Deserto da Morte,PT,0
8053,tt1863203,1,The Employer,GB,0
8066,tt12536431,2,The Formula Enriched,US,0
8068,tt7090140,7,Coda,GB,0
8070,tt12536208,7,Kryfos gamos,GR,1
8075,tt12533438,6,Lolitas Club,XWW,0
8076,tt12538248,2,Последний вздох,RU,0
8081,tt12534240,4,Programado Para Esquecer,BR,0
8084,tt4296800,4,Ladrones,US,0
8085,tt12531541,2,Sisters of Wellber,XWW,0
8088,tt12537070,3,Buffy  postrach wampirów,PL,1
8089,tt12541705,9,Saksalainen lääkäri,FI,0
8093,tt0112630,4,Zuckerschnute,DE,0
8094,tt12541915,1,Samir Abu elNil El vecino más odiado,AR,0
8097,tt0075922,26,Party des Grauens,XWG,0
8099,tt12537414,6,Alien Siege,US,0
8100,tt12540137,5,O dolofonos me to angeliko hamogelo,GR,0
8106,tt0014339,6,Mizrekh un mayrev,US,0
8112,tt0103893,30,魔法奇兵,TW,0
8115,tt12532395,1,Four Journeys Into Mystic Time OneTwoThree,US,0
8121,tt1787747,9,Az eladó,HU,0
8128,tt0076210,17,The Island of Dr Moreau,CA,0
8130,tt12534868,10,Ston pago,GR,1
8138,tt0061784,9,Hot Rods  Seikkailijat,FI,0
8141,tt12545207,8,No Palco da Vida,BR,1
8143,tt12545216,1,Polska kronika noncamerowa nr 1,PL,0
8144,tt0102739,1,¡Que vivan los crotos,AR,0
8147,tt0076210,26,Insula doctorului Moreau,RO,0
8148,tt12540527,6,The Bletchley Circle,GB,0
8149,tt12539965,3,Johnny Cash at Folsom Prison,FR,0
8151,tt12543654,5,A Loba Solitária,PT,0
8153,tt1329495,1,Gleich links hinterm Mond,DDDE,0
8160,tt12539410,1,Busted Babysitters,US,0
8163,tt0103893,31,Buffy vanatoarea de vampiri,RO,0
8166,tt0110246,5,Kaspar Hauser,DK,0
8168,tt2040565,6,Το Έπος του Biorn,GR,0
8170,tt0169268,4,Estado de perros,AR,0
8176,tt0800080,5,Nerealusis Halkas,LT,0
8183,tt7217962,2,Fremder Feind,DE,0
8186,tt12541591,38,The Incredible Hulk,TR,0
8190,tt0087915,4,La guerre des gangs,FR,0
8197,tt12545484,3,La madre pródiga,MX,0
8198,tt12536024,5,Ravioli,AT,0
8199,tt0317202,4,Brocéliande,FR,0
8203,tt12541379,6,The Employer,US,0
8208,tt12540839,7,Accidentally in Love,US,0
8212,tt2295886,1,Fords Dagenham Dream,GB,0
8213,tt0075922,10,Weekend sauvage,FR,0
8216,tt12541592,5,Nerealusis Halkas,LT,0
8220,tt12531413,7,Petek zvecer,SI,0
8224,tt0061784,13,52 millas de terror,MX,0
8225,tt0094926,6,The Crystal Eye,DE,0
8228,tt0800080,25,The Incredible Hulk,AU,0
8232,tt2836576,1,Sept heures trois fois par année,CA,0
8233,tt12540527,18,Kode for mord,DK,0
8234,tt12533505,5,Behçet Cezayirde Vuruşalım,TR,1
8237,tt12532393,1,Four Journeys Into Mystic Time OneTwoThree,US,0
8239,tt12545804,4,夫の休息日,JP,0
8240,tt0076210,10,The Island of Dr Moreau,AU,0
8243,tt0203189,2,Meet Me in St Louis Walter,US,0
8244,tt3110794,1,Queen Cake,US,0
8247,tt12542022,1,Star Wars The Clone Wars,GB,0
8249,tt0043072,3,Tripoli,RO,0
8252,tt0103893,32,Buffy  Vampyyrintappaja,FI,0
8253,tt0277359,2,Superstunt II,US,0
8255,tt12535853,3,Un bugiardo in paradiso,IT,0
8256,tt0043677,9,Tortura,IT,0
8267,tt12543361,6,The Remarkable 20th Century,US,1
8268,tt0924401,2,Kaiken yläpuolella,FI,0
8269,tt0074235,13,На пути к славе,SUHH,0
8282,tt12543717,2,One Song a Day Takes Mischief Away,XWW,0
8283,tt12537087,10,The Ultimate Blackjack Tour,US,0
8287,tt0103893,28,Buffy the Vampire Slayer,AU,0
8291,tt12531574,1,The Van Job,US,0
8295,tt0023039,3,Husbands Holiday,US,0
8298,tt12534122,2,Ein Herz und eine Seele,ES,0
8301,tt12537414,9,A Föld ostroma,HU,0
8303,tt0103893,14,Баффи  истребительница вампиров,RU,0
8306,tt12541123,17,Tripoli,PT,0
8308,tt12541705,5,Le médecin de famille,BE,0
8313,tt12538519,7,Frankenstein conquista el mundo,UY,1
8315,tt0454426,2,The Song of the Millenium,XWW,0
8322,tt0395657,1,Manipulator,CA,0
8324,tt12543668,6,I Bury the Living,AU,1
8328,tt12540023,10,3801 Lancaster American Tragedy,US,0
8333,tt12538793,6,Mizrekh un mayrev,US,0
8336,tt12545734,10,Distortion,US,0
8342,tt12545683,8,The Sports Killer,US,1
8345,tt12532624,3,Que vienen los tigres,ES,0
8348,tt12544956,7,Maa Balaji,IN,0
8349,tt5463088,1,New Initial D the Movie Legend 3  Dream,XWW,0
8353,tt12541275,8,Jessie,BR,0
8354,tt12544495,2,Club Dead,US,0
8356,tt0103893,9,Buffy der Vampirkiller,DE,0
8358,tt12536338,3,Les jeunes filles devant lamour,BE,1
8360,tt12538843,1,Yanni World Without Borders,US,0
8363,tt12531750,10,The Incident at Tower 37,US,1
8366,tt12532885,3,Rautamiehet,FI,0
8367,tt12531864,4,Noite da Bruxa,PT,0
8370,tt0043677,15,The Story of Folsom,US,0
8372,tt7089878,9,Liz and the Blue Bird,GB,0
8375,tt12541592,7,El increíble Hulk,ES,1
8376,tt12543484,9,The Education of Sonny Carson,AU,0
8383,tt1545097,6,Harriet la espía Guerras del blog,ES,0
8389,tt2392381,4,Vive la Vida Querido Sueño,CO,0
8398,tt12538061,1,Маша и волшебное варенье,RU,1
8401,tt12541031,3,Всё наоборот,RU,0
8407,tt12545328,2,Think It Over,US,1
8412,tt12544095,12,Liz and the Blue Bird,US,0
8413,tt12538168,2,Le vendeur,CA,0
8414,tt3651810,1,Sleeping with the Family,US,0
8417,tt0311234,1,Groove on a Stanley Knife,GB,0
8418,tt12542352,2,Dvorista,ME,0
8419,tt12534800,1,Jääkylmä kuolema,FI,0
8427,tt4730224,2,Assacre,US,0
8435,tt3161760,2,Blonde Death,US,0
8436,tt12542935,1,He matado a un hombre,MX,0
8438,tt12537005,9,Elegant,BE,1
8439,tt12534575,3,Los 300 espartanos,CL,1
8442,tt12538865,6,Impulse  Tödliche Begierde,DE,1
8444,tt12532885,3,La révolte des condamnés,BE,1
8445,tt0043677,1,Motín,MX,0
8446,tt12537877,2,The Swap,US,0
8447,tt12537274,9,Hebanowa wieża,PL,0
8448,tt12541592,2,Nevjerojatni Hulk,HR,0
8449,tt0056432,3,Ruf der Wildgänse,AT,0
8452,tt12537456,12,Ember a vágányon,HU,0
8453,tt3822730,1,Прогулки с Бродским,RU,0
8454,tt12541063,1,The Slap Maxwell Story,US,0
8455,tt12541705,18,Wakolda,UY,0
8459,tt2014365,1,The Exam,US,0
8460,tt12542566,4,Devils Express,US,0
8461,tt12543128,7,Супа модо,RU,0
8463,tt12535772,8,Botch,US,0
8474,tt1160455,1,Lokalzeit aus Köln,XWG,0
8475,tt12534345,8,The Cafe,GB,1
8477,tt12535358,5,Gramsci 44,IT,0
8481,tt12545393,18,Flammendes Inferno,DE,0
8483,tt12537070,31,Buffy vanatoarea de vampiri,RO,0
8485,tt12540527,15,El cercle Bletchley,ES,0
8487,tt0081563,3,Jääkylmä kuolema,FI,0
8489,tt12541592,9,El increible Hulk,VE,0
8494,tt12541929,7,Half Sisters,US,1
8495,tt12545393,8,Yangın kulesi,TR,1
8498,tt0075922,5,Fin de semaine infernale,CA,0
8505,tt0250200,1,Agootha Chhaap,IN,0
8509,tt12542566,1,The Devil,XWW,0
8511,tt12535272,1,Levity Xero Error Minus1,AE,0
8512,tt12541007,1,Exit,US,0
8520,tt0076210,12,Het eiland van Dr Moreau,NL,0
8526,tt0023398,2,Goldfieber,DE,0
8527,tt1562890,1,The Legend of the Grand Director,US,0
8529,tt7838260,3,Paddayi,IN,0
8532,tt12531365,2,An Ordinary Killer,DE,0
8536,tt12543587,10,Coda,CA,0
8539,tt12538658,1,Wapos Bay The Series,CA,1
8546,tt12531610,4,Der Nesthocker,DE,0
8548,tt12543704,4,Shingekijouban Inisharu D Legend 3  Mugen,JP,0
8557,tt12537070,28,Buffy the Vampire Slayer,AU,0
8559,tt4575788,1,The Mystery of the Shemitah Unlocked,US,0
8565,tt12539178,1,Haremseventyret,DK,0
8566,tt12534800,3,Point TwoTwo,AU,1
8569,tt12534575,28,Os 300 de Esparta,BR,0
8570,tt12538449,1,The Babysitter 6,US,0
8571,tt12534575,2,La bataille des Thermopyles,FR,0
8575,tt12538615,1,To megalo mystiko,GR,0
8576,tt12542791,3,Helping Haiti Everybody Hurts Color Version,US,0
8581,tt1977096,1,Light,US,0
8583,tt1351264,1,Vanessa Rising,US,0
8585,tt12532885,8,Meuterei im Morgengrauen,XWG,0
8586,tt0454426,3,Le chant du millénaire,TN,0
8595,tt0023398,6,Der Ritt ins Todestal,DE,0
8598,tt12544518,2,Venganza desnuda,MX,0
8611,tt5797822,4,EradosGigantes,BR,0
8612,tt12545337,4,Le vétéran,CA,0
8614,tt12534868,10,Na lodzie,PL,0
8619,tt12545609,4,Salmon Fishing in the Yemen The Fisherman in the Middle East,US,0
8626,tt12535784,17,Anne With an E,CA,0
8629,tt12545669,2,The Coming of Amos,GB,0
8630,tt1708505,6,Fan sau ji do,HK,0
8636,tt12538237,2,Lamour au jour le jour,FR,1
8638,tt7090140,10,Coda,AU,0
8641,tt12533088,2,ナナとカオル,JP,0
8642,tt12537589,2,Self Defense,GB,0
8643,tt0061784,1,Helvete på hjul,NO,0
8646,tt12537274,8,Wieża z kości słoniowej,PL,0
8647,tt2790002,1,Unwarranted Influence,US,0
8648,tt0854119,4,Die Tricks der groessten Zauberer,DE,0
8652,tt0068972,10,Die Mörderbestien,XWG,0
8656,tt12539290,26,Létang tragique,FR,0
8659,tt7510284,6,National Theatre Live Gata sobre tejado de zinc,ES,0
8664,tt1787747,5,O Vendedor,BR,0
8666,tt0075922,16,Trágico fin de semana,PE,0
8673,tt7772412,6,Supa Modo,FR,0
8679,tt12544778,9,Poised,ES,0
8685,tt1663660,2,On the Ice,US,0
8688,tt12532253,1,Goldfieber,DE,0
8689,tt0387133,1,2002 FIFA World Cup,JP,0
8691,tt0457121,1,Le rossignol,FR,0
8696,tt12541592,10,Mahubali Hulk,IN,1
8699,tt0276269,3,沙河悲歌,TW,0
8706,tt12543668,2,Jenterre les vivants,FR,0
8710,tt8531538,3,Too Stupid to Die,CA,0
8711,tt12533846,4,Exantas,GR,1
8712,tt12545393,5,Паклени торањ,RS,0
8714,tt2164682,2,Γυναίκες ρεπόρτερ στον Β Παγκόσμιο Γόλεμο,GR,0
8717,tt12535434,6,Drew Peterson An American Murder Mystery,US,1
8721,tt0103893,5,Бъфи убийцата на вампири,BG,0
8723,tt0103893,3,Buffy der Vampir Killer,DE,0
8727,tt12539676,7,Burguesinha,US,1
8729,tt0061784,5,52 miglia di terrore,IT,0
8732,tt12533404,1,O Nosso Cônsul em Havana,PT,0
8735,tt0816629,1,The Ro©k Con Artists,XWW,0
8736,tt12537070,21,Buffy tueuse de vampires,FR,0
8740,tt0076210,5,Η μυστηριώδης νήσος του δρ Μορώ,GR,0
8741,tt12532525,1,Coven,US,0
8742,tt0056432,2,The Cry of the Wild Geese,US,0
8743,tt12545393,31,Pokoli torony,HU,0
8744,tt12531412,2,V pátek vecer,CZ,0
8753,tt0403877,1,The Big Swell,US,0
8761,tt12541633,1,Olen vapaa,FI,0
8762,tt4730224,1,Valkyries Bunker,US,0
8770,tt0800080,10,Uskumatu Hulk,EE,0
8772,tt12536010,9,Pop Aye,TH,0
8775,tt12544095,3,Liz und der Blaue Vogel,DE,0
8778,tt12535784,22,Άννα με Α,GR,0
8779,tt0043677,16,Les révoltés de Folsom Prison,FR,0
8793,tt12540839,6,Pour les yeux de Taylor,FR,0
8795,tt12544185,1,Eine ungeliebte frau,XWG,0
8801,tt0043677,2,Meuterei im Morgengrauen,XWG,0
8802,tt12535195,8,Új Gálvölgyishow,HU,0
8806,tt1879071,3,The Fourth Reich,GB,0
8807,tt0800080,19,The Incredible Hulk,GB,0
8812,tt12531414,1,Friday Night,XWW,0
8813,tt12536993,8,Schuld daran ist Rio,XWG,0
8814,tt12535724,3,In Their Room Berlin,IN,0
8818,tt12540169,6,La mataviejitas,MX,0
8822,tt0246857,2,The Policy Girl,US,0
8833,tt0024207,7,Ne félj a szerelemtől,HU,0
8834,tt12535784,2,Ania nie Anna,PL,1
8837,tt12532622,7,Here Come the Tigers,US,0
8840,tt12536517,6,La insaciable,MX,0
8843,tt0075922,8,Bluthunde,XWG,0
8848,tt12532623,2,Aquí vienen los tigres,ES,0
8855,tt12545898,9,Sweeping Forward,CA,0
8856,tt12538865,5,Impulse,GB,1
8867,tt0108622,5,Blade of Fury,HK,0
8871,tt12541592,2,Hulk el hombre increible,MX,0
8876,tt12540137,10,Death Smiles on a Murderer,US,0
8880,tt12541592,29,Neuveritelný Hulk,SK,0
8882,tt12533482,6,Un Entretien,FR,1
8886,tt12542505,4,Familjen Jul,SE,0
8887,tt7090140,8,Coda,MX,0
8891,tt12537070,4,Buffy  Vampyrdödaren,SE,0
8893,tt5916942,1,Superman Complexity  Truth,US,0
8894,tt7089878,12,Liz and the Blue Bird,US,0
8896,tt12544095,2,Liz and the Blue Bird,XWW,0
8897,tt12536103,5,Patrões e Empregadas,PT,0
8911,tt0284537,3,Sábado,AR,0
8914,tt0800080,36,Hulk El hombre increíble,AR,0
8915,tt0075922,18,Смертельный уикэнд,SUHH,0
8917,tt0024207,8,Keine Angst vor Liebe,AT,0
8920,tt12541705,7,Вакольда,RU,1
8923,tt12531413,6,Παρασκευή βράδυ,GR,1
8924,tt0317202,5,Pakt der Druiden,DE,0
8926,tt12545684,9,The Dark Ride,FI,0
8928,tt12538548,5,Adventures of the Little Koala,US,0
8930,tt12541654,8,Sheng Baoluo yi yuan zhi mi,CN,1
8932,tt12531543,2,Sisters of Wellber,XWW,0
8933,tt1754315,1,One Week Notice,US,0
8935,tt0061784,3,52 мили страха,SUHH,0
8944,tt12533075,1,The Squirrel Hunters,GB,0
8947,tt12542144,4,Письмена на стене,RU,1
8948,tt12545684,8,The Dark Ride,US,1
8950,tt7772412,8,Supa Modo,CA,0
8953,tt12541067,3,Estos días,AR,0
8957,tt12541592,9,Невероватни Хулк,RS,1
8958,tt0441517,2,Taksojuhid,EE,0
8964,tt4641416,4,Daddys Girl,XWW,0
8971,tt12545683,8,Dark Rider,XWG,0
8976,tt7090140,1,Coda,DE,0
8980,tt12541379,6,Работодателят,BG,0
8982,tt12537589,1,Self Defense,US,0
8986,tt0103893,20,Buffy  Lammazzavampiri,IT,0
8987,tt12545225,6,HR,GB,1
9002,tt0043072,17,Tripoli,PT,0
9007,tt12541125,1,Tripoli,US,0
9008,tt12540136,10,La morte ha sorriso allassassino,IT,1
9009,tt12538406,1,Heroin A Love Story,US,0
9010,tt12533627,6,The Runaway Bus,GB,0
9017,tt0068972,5,O dolofonos me to angeliko hamogelo,GR,0
9018,tt12545393,11,La tour infernale,CA,0
9025,tt12532320,2,Delicia anal 7,VE,0
9028,tt12543414,6,Tim Vine Live,GB,1
9030,tt12532885,7,Inside the Walls of Folsom Prison,US,0
9032,tt12543673,5,A Misunderstood Boy,US,0
9037,tt0024207,5,Patrões e Empregadas,PT,0
9038,tt12539430,4,Maidstone,US,1
9040,tt0076210,1,En øy med tapte sjeler,NO,0
9041,tt7510284,3,National Theatre Live Cat on a Hot Tin Roof,IE,0
9042,tt0068972,8,Death Smiles on a Murderer,GB,0
9045,tt8594582,1,Far til fire i solen,DK,0
9049,tt12538237,9,Como Não Esquecer essa Garota,BR,0
9053,tt12536864,1,Okres próbny,PL,0
9054,tt12541009,1,Exit,US,0
9056,tt4557242,1,Balkon,PL,0
9057,tt12535853,7,Per motivi di famiglia,IT,1
9062,tt0057241,1,Städligan,SE,0
9066,tt0372153,3,Ava Gardner and Frank Sinatra,FR,0
9076,tt12543569,1,Crash Goes the Hash,IN,0
9077,tt12536993,32,Για όλα φταίει το Ρίο,GR,0
9078,tt12537036,7,Вой Банши,RU,1
9079,tt2770480,12,Esze vesztett szerelem,HU,0
9089,tt12533289,8,Når mændene kommer hjem på ferie,DK,0
9090,tt12545835,2,Alien Metamorphosis,GB,0
9092,tt4295286,3,The Hybrid,US,0
9095,tt7772412,7,Supa Modo,IT,0
9096,tt1708505,2,Snake Charmer,XWW,0
9101,tt12544079,4,Delhi Safari,GB,0
9103,tt12535615,1,Catching a Killer Crocodile Tears,GB,0
9109,tt0074235,18,Bound for Glory,US,0
9122,tt12531413,1,Friday Night,US,0
9124,tt12545635,4,Kaspar Hauser,DE,1
9126,tt0043072,2,I conquistatori della Sirte,IT,0
9129,tt0103893,25,Bichette la terreur,CA,0
9131,tt12539291,1,De afschrik van het moeras,BE,1
9134,tt0075922,28,Kanlı tatil,TR,0
9137,tt0203189,4,Walter,US,0
9139,tt0074235,16,Esta Terra é Minha Terra,BR,0
9141,tt12539478,3,Ensam Tillsammans,SE,0
9143,tt2477894,1,Pagate fratelli,IT,0
9146,tt12531863,2,House of the Witch,US,0
9147,tt12543704,6,New Initial D the Movie 3,US,0
9156,tt0072885,2,Journal dun directeur décole,FR,0
9158,tt12541591,9,Hulk el hombre increible,MX,0
9160,tt0087915,5,Ninja Fighters,XWG,0
9161,tt12541591,3,O Incrível Hulk,BR,0
9162,tt12545793,1,Reaching for the Stars,US,0
9164,tt0103893,26,Bafi  vampyru žudike,LT,0
9168,tt12544760,1,Knee High PI,US,0
9170,tt12534799,5,Kamienny chlód smierci,PL,0
9172,tt12531413,6,Vendredi Soir,GB,1
9174,tt12533438,8,Lolitas Club,XEU,0
9178,tt2279927,1,The Detective,XWW,0
9180,tt12541591,4,Neverjetni Hulk,SI,1
9181,tt0074235,19,Questa terra è la mia terra,IT,0
9182,tt12541125,10,Tripoli,FR,0
9192,tt0087915,3,Pink Force Commando,XWW,0
9199,tt2164682,1,No Job for a Woman The Women Who Fought to Report WWII,US,0
9200,tt12533586,11,Harriet la spia la guerra dei blog,IT,0
9205,tt12536309,7,Убить за 68,RU,0
9208,tt12532403,4,Broadway Brevities 19331934 season 32 The Policy Girl,US,0
9213,tt12541953,10,Che Rise and Fall,AR,0
9220,tt12533587,6,Harriet la espía Guerras del blog,ES,0
9222,tt12538548,3,Las aventuras de Memo Koala,ES,0
9226,tt7252092,1,The Cars That Made America,US,0
9227,tt12536862,2,Испытательный срок,SUHH,0
9228,tt7089878,8,Liz and a Blue Bird,XWW,0
9234,tt12539050,4,Die Wächter der Träume,DE,1
9245,tt0081563,5,Död i blixtars sken,SE,0
9250,tt0103893,10,Μπάφι η βαμπιροφόνισσα,GR,0
9253,tt0234528,1,Professor Bernhardi,AT,0
9255,tt12533848,8,Horses in Winter,CA,0
9259,tt1787747,10,Le vendeur,FR,0
9260,tt12536947,1,Dem Dem,BE,0
9262,tt12536621,1,Good Favour,IE,1
9266,tt12542022,3,Star Wars The Clone Wars,US,0
9267,tt12539217,5,16 Days til the Rest of Your Life,GB,1
9274,tt12542855,3,Le chant du millénaire,TN,0
9275,tt11898442,3,Maggie Simpson in Playdate with Destiny,US,0
9277,tt12537414,3,Alien Siege,GR,0
9281,tt0023039,2,Maridos em Férias,BR,0
9286,tt0920455,1,Coven,US,0
9291,tt12534383,1,Ticket nach Telluride,DE,0
9293,tt12532967,4,Zinnaariya,BF,0
9300,tt0081563,13,Stone Cold Dead,US,0
9302,tt12538951,3,Los años de Greta,MX,0
9307,tt12545808,8,21 and a WakeUp,US,0
9308,tt12536184,2,Trilby Hypnotic Scene,US,0
9309,tt12541123,16,Trípoli,MX,0
9314,tt7772412,3,Супа модо,RU,0
9318,tt0076210,14,The Island of Dr Moreau,GB,0
9327,tt12538615,10,Ai no meiro,JP,0
9328,tt12538541,6,Vera,GB,0
9330,tt12545393,13,Leegitsev pilvelõhkuja,EE,0
9335,tt12536338,9,Fetele din piaţa Spaniei,RO,0
9339,tt0110246,1,Kaspar Hauser,DE,0
9343,tt12534983,5,Against the Wall,CA,1
9348,tt1418725,1,Potiche,FR,0
9351,tt12544518,12,Vingança Mortal,PT,0
9352,tt0068972,9,La morte sorride allassassino,IT,0
9358,tt7905602,1,Kala Varam Aaye,IN,0
9365,tt12542742,8,The Solid Tin Coyote,US,1
9375,tt1067065,1,Ben David Broken Sky,US,0
9380,tt12545912,6,Kolera  Seni Seviyorsun,TR,1
9384,tt6064698,1,What Is ASMR,US,0
9386,tt0014339,2,Ost und West,AT,0
9387,tt4134634,1,Creepy Campfire Stories,DE,0
9388,tt0085057,1,The Mississippi,US,0
9390,tt0103893,19,Buffy der VampirKiller,DE,0
9403,tt0246857,1,Broadway Brevities 19331934 season 32 The Policy Girl,US,0
9405,tt1883368,1,The Land Where the Blues Began,US,0
9407,tt12542917,3,Welcome to Nowhere,CA,0
9409,tt12541409,1,City of Lost Men,US,0
9410,tt12532253,9,The Rider of Death Valley,US,0
9411,tt0043677,12,Inside the Walls of Folsom Prison,GB,0
9415,tt12544779,1,Poised,ES,0
9416,tt12531640,7,Sarah Young Private Secrets 6,DE,1
9417,tt2277728,2,Die Wächter der Träume,DE,0
9418,tt12538519,1,Frankenstein  Zweikampf der Giganten,DE,0
9419,tt12538615,21,Opętanie,PL,0
9423,tt12536993,19,I Love Rio,US,0
9424,tt12533596,2,Bozic za junake,SI,0
9436,tt12541032,2,Всё наоборот,RU,0
9437,tt12538520,5,Frankenstein conquiert le monde,FR,1
9441,tt12542969,9,Viel Wirbel um die Kuschelmonster,DE,1
9443,tt7510284,8,Cat on a Hot Tin Roof,US,0
9446,tt0068972,6,A Máscara da Mulher Fantasma,PT,0
9448,tt12545165,2,The Donut King,US,0
9450,tt0076210,20,La isla del Doctor Moreau,ES,0
9456,tt12539178,5,Douglas au pays des mosquées,FR,0
9464,tt2279343,2,The Parent Project,GB,0
9472,tt0043677,11,Achter gevangenismuren,NL,0
9474,tt12532745,1,Ressha Sentai Tokkyûjâ DVD Supesharu Saraba Chiketto Arechi Sûpâ Tokkyû Batoru,JP,0
9477,tt0043677,5,I epanastasis ton kolasmenon,GR,0
9479,tt12539281,4,Pagate fratelli,IT,1
9485,tt0103893,15,Buffy la caza vampiros,MX,0
9486,tt12536511,5,Doramundo,BR,0
9488,tt12541086,9,Emma Smetana  Jordan Haj Lost and Found,CZ,1
9491,tt12539385,4,Agootha Chhaap,IN,1
9494,tt12545393,2,Flammendes Inferno,XWG,0
9495,tt1165013,1,Daisuki,JP,0
9500,tt12541591,10,Nevjerojatni Hulk,HR,0
9502,tt0075922,22,Tappava viikonloppu,FI,0
9503,tt0800080,39,Niesamowity Hulk,PL,0
9504,tt12537274,7,La torre debano,IT,0
9507,tt12542722,7,Chi è Dayani Cristal,IT,0
9509,tt0076210,24,Doktor Moronun adası,TR,0
9513,tt12541553,1,Zie mij doen,BE,0
9515,tt0075922,24,Smiertelny weekend,PL,0
9516,tt12538060,1,100 Jahre Mattscheibe,DE,0
9523,tt0023398,14,A Mina do Deserto,BR,0
9531,tt0395779,1,Swarg Yahan Narak Yahan,IN,0
9535,tt1545097,10,Harriet the Spy Blog Wars,US,0
9536,tt1663660,1,Ston pago,GR,0
9540,tt0800080,2,Hulk el hombre increible,MX,0
9542,tt1505891,4,Les damnés de la mer,BE,0
9543,tt12533586,2,Harriet a kém Blogháborúk,HU,0
9544,tt0169268,8,Nohoi oron,MN,0
9551,tt0028584,2,Arizona Mahoney,US,0
9552,tt0085273,3,Alevli aşk,TR,0
9554,tt12534575,4,300 Spartanere,NO,0
9557,tt12536864,2,Испытательный срок,SUHH,0
9565,tt12537877,6,Linea de Fuego,CL,0
9568,tt12536208,6,Vivacious Lady,GB,1
9571,tt0075922,23,Trágico fin de semana,MX,0
9573,tt0061784,7,Se 52 milia o tromos,GR,0
9575,tt3105448,3,Kutchi Vahan Pani Wala,IN,0
9582,tt2294965,1,Zero Charisma,US,0
9587,tt12536993,3,Échale la culpa a Río,VE,1
9592,tt12534405,1,Segment 76,PL,0
9595,tt0800080,1,O Incrível Hulk,BR,0
9596,tt0074235,20,Esta tierra es mi tierra,ES,0
9597,tt12536208,10,Ardid femenino,ES,0
9598,tt12539050,3,Dream Defenders,SG,0
9600,tt5706918,1,Stone Cage,AM,0
9603,tt12531414,10,Piątkowa noc,PL,0
9604,tt12531848,3,Pool Fart,US,0
9606,tt12542505,6,Pixy der kleine Wichtel,DE,0
9618,tt0328285,4,Sarah Young Private Secrets 6,DE,0
9619,tt12543654,6,La loba solitaria,MX,0
9626,tt12536993,2,Quel giorno a Rio,IT,0
9627,tt12543128,7,Supa Modo,IT,0
9630,tt12544079,6,Viidakkojengi,FI,0
9631,tt12539178,2,Bound in Morocco,GB,0
9635,tt0023398,12,La galoppata della disperazione,IT,0
9638,tt12536993,6,To cholerne Rio,PL,1
9643,tt12533587,1,Harriet lEspionne La Guerre des Blogs,FR,1
9645,tt0043072,1,Tripoli,US,0
9646,tt12533225,13,Perros de presa,ES,0
9652,tt0800080,13,Neuvěřitelný Hulk,CZ,0
9654,tt4222240,3,Keep Frozen,IS,0
9660,tt12536444,10,WWF Survivor Series,US,1
9662,tt12538248,5,Last Breath,AU,1
9665,tt12533289,10,Männens årstid,FI,0
9668,tt12544388,10,男色假期,TW,1
9673,tt12538248,10,Sista andetaget,SE,1
9676,tt12536045,3,Lapis,US,0
9677,tt0165818,1,Horses in Winter,CA,0
9678,tt0028584,5,Bad Man of Arizona,GB,0
9680,tt12539290,3,El pantano de la muerte,UY,0
9683,tt12545207,1,Its a Big Country An American Anthology,US,0
9684,tt0072885,4,Egy iskolaigazgató naplója,HU,0
9686,tt12540622,4,Capricho,AU,1
9690,tt12539291,7,Sumpen,DK,1
9695,tt12537287,9,Astronauter og filmstjerner,NO,0
9698,tt4641416,1,Babasının Kızı,TR,0
9701,tt2104487,3,Né con te né senza di te,IT,0
9707,tt3692292,2,A ThirtyYear Olds Health and Physical Education,XWW,0
9710,tt12534240,18,Бомба замедленного действия,RU,0
9711,tt12534240,1,Időzített bomba,HU,1
9714,tt12532458,2,12 Explosionen,AT,0
9716,tt12544944,10,Knight School with Coach Bobby Knight,US,1
9720,tt0314490,1,The Path,US,0
9723,tt0800080,16,Wu di Hao Ke,CN,0
9724,tt0804223,3,Abseits,DE,0
9727,tt12545684,10,The Sports Killer,US,1
9731,tt12538281,3,Hillside Cannibals The Legend of Sawney Bean,US,0
9733,tt12543975,3,The Making of Rudyard Kiplings The Jungle Book,US,1
9734,tt12542547,4,Les damnés de la mer,BE,0
9738,tt0880928,1,Living Legacy,FR,0
9739,tt4462242,1,BEARDS Noah  Anya,US,0
9741,tt0043677,10,Între zidurile închisorii Folsom,RO,0
9743,tt0800080,14,El increíble Hulk,ES,0
9744,tt12541592,20,Hulk 2,US,0
9745,tt9168706,1,Poised,GB,0
9746,tt5189894,6,68 Kill,DE,0
9751,tt2770480,6,Remember Sunday,US,0
9752,tt12536309,1,68 lepedő,HU,1
9758,tt12534491,9,O Sabido do Arizona,BR,1
9759,tt0043677,4,Meuterei im Morgengrauen,AT,0
9761,tt0076210,29,The Island of Dr Moreau,US,0
9762,tt12541592,11,インクレディブル・ハルク,JP,0
9763,tt2770480,1,Помни воскресенье,RU,0
9766,tt0075922,13,ウィークエンド（1976）,JP,0
9767,tt12544388,9,Taekwondo,GB,0
9769,tt5189894,2,68 Kill,GB,0
9774,tt7089878,3,Gekijouban Hibike Euphonium 1,JP,0
9775,tt12534575,4,スパルタ総攻撃,JP,0
9778,tt1663660,6,Na lodzie,PL,0
9779,tt0024207,4,Den fovoumai ton erota,GR,0
9785,tt12532622,3,Tigri contro tigri,IT,0
9791,tt1548628,3,Grito de muerte,MX,0
9797,tt0076210,8,Die Insel des Dr Moreau,XWG,0
9798,tt12543484,7,The Education of Sonny Carson,GB,0
9799,tt1548628,4,Вой Банши,RU,0
9800,tt12533525,6,Keep Frozen,IS,0
9803,tt0382255,4,Quality of Life,US,0
9804,tt0103893,4,Buffy the Vampire Slayer,US,0
9806,tt12542909,2,Diva Ah Hey,HK,0
9808,tt0074235,15,Adevărata glorie,RO,0
9810,tt0963168,1,Danae,BR,0
9821,tt12532690,3,Foodography,US,0
9830,tt12543172,4,The Heights skuggornas paradis,FI,0
9831,tt0835031,1,Elegant,BE,0
9834,tt12543466,7,An Hour to Kill,US,0
9835,tt2180561,2,心の病を売り込む 私たちはみな精神病なのか,JP,0
9837,tt12538548,3,Koara bôi kokkî,JP,1
9838,tt12534240,17,Time Bomb,NL,0
9842,tt0036374,2,Javais un fils,BE,0
9845,tt7090140,6,Coda,IT,0
9849,tt12536993,2,За всичко е виновен Рио,BG,0
9850,tt12534575,18,Der Löwe von Sparta,AT,0
9851,tt12531864,1,La noche de la bruja,ES,0
9853,tt0068972,17,Смерть улыбается убийце,SUHH,0
9854,tt12532704,1,Кровавый лес,RU,0
9856,tt12534401,7,Статус стосунків усе складно,UA,1
9861,tt0024207,1,Dont Be Afraid of Love,US,0
9865,tt9855206,1,Dio Hey Angel,US,0
9866,tt0087915,9,La fuerza del comando Pink,ES,0
9868,tt1758611,3,Az elefántok szeretetéért,HU,0
9870,tt7341328,1,Mariah Carey Feat Mobb Deep The Roof Back in Time,US,0
9877,tt1548628,2,Scream of the Banshee,US,0
9883,tt12534799,4,Stone Cold Dead,JP,0
9885,tt12545393,6,Det tårnhøje helvede,DK,0
9891,tt0061784,12,Hot Rods to Hell,US,0
9897,tt1505891,3,The Damned of the Sea,XWW,0
9898,tt0328820,1,Livraison à domicile,FR,0
9901,tt0075922,20,Den blodiga helgen,SE,0
9902,tt12535784,4,Ana,ES,1
9905,tt3554298,2,Голова,RU,0
9906,tt2308048,4,Zwölf Explosionen,AT,0
9907,tt12540136,9,A Máscara da Mulher Fantasma,PT,1
9909,tt2652870,1,Glee Casting Session,US,0
9912,tt12531414,8,Vendredi Soir,GB,0
9913,tt12538541,9,ヴェラ 〜信念の女警部〜,JP,0
9918,tt2305088,1,Exit,US,0
9924,tt12543128,2,Supa Modo,DE,0
9927,tt0081563,15,Stone Cold Dead,SE,0
9934,tt12100536,3,Goodbye Shirazi Girl,XWW,0
9935,tt0112630,3,Erotic Tales II,US,0
9939,tt12541306,1,Bad Girls 6,US,0
9943,tt12538519,9,Frankenstein Conquers the World,US,0
9948,tt12541592,27,Ο Απίθανος Χαλκ,GR,0
9951,tt12538519,21,Frankenstein  Der Schrecken mit dem Affengesicht,AT,0
9957,tt0090825,4,Sturzflug in die Liebe,XWG,0
9958,tt0028584,1,Arizona Raiders,US,0
9959,tt12537456,7,Mannen på sporet,NO,0
9964,tt12534777,1,Juice,US,0
9965,tt12538698,2,Danae,BR,1
9966,tt0068972,3,Death Smiles on a Murderer,US,0
9970,tt12545321,8,Arrastão,BR,0
9972,tt0043072,11,Tripolis,AT,0
9978,tt0800080,22,Lincroyable Hulk,FR,0
9979,tt12537279,1,The Last Honey Hunter,NP,0
9980,tt0800080,4,Mahubali Hulk,IN,0
9982,tt0103893,8,Buffy a vámpírok réme,HU,0
9989,tt0028584,4,O Sabido do Arizona,BR,0
9995,tt12543466,6,Cuatro Stinkos,US,0
10002,tt0800080,18,無敵浩克,TW,0
10006,tt12535110,3,Manche mögens prall,XWG,0
10007,tt1548628,1,I kravgi tou thanatou,GR,0
10014,tt12533905,1,El payaso y el Führer,ES,0
10015,tt1548628,6,Gritos do Além,BR,0
10016,tt12545683,10,Paseo en la oscuridad,ES,0
10020,tt12533954,2,Breaking the Magicians Code Magics Biggest Secrets Finally Revealed 2,US,0
10022,tt0081563,2,Les clichés de la haine,CM,0
10023,tt0072885,3,Aus dem Tagebuch eines Schuldirektors,XWG,0
10027,tt0074235,22,Bound for Glory,GB,0
10035,tt12533614,2,14s good 18s better,AU,0
10038,tt1374943,1,Red Balloon,US,0
10039,tt12537165,9,Tutti insieme allimprovviso,IT,1
10047,tt0249609,1,Jack Fat and Jim Slim at Coney Island,US,0
10053,tt0494712,2,Hillside Cannibals The Legend of Sawney Bean,US,0
10054,tt0075922,19,Dødens weekend,DK,0
10056,tt12538615,9,Suspeita,PT,1
10058,tt0061784,6,52 Miles to Terror,US,0
10061,tt12538168,6,Le vendeur,FR,1
10062,tt12535340,1,The Away Game,AU,0
10071,tt12544410,3,Superior Firepower The Making of Aliens,US,0
10073,tt12539290,6,Болотная вода,SUHH,1
10078,tt7089878,1,Ліза та блакитна пташка,UA,0
10079,tt0351716,1,The Mystery of St Pauls Hospital,XWW,0
10087,tt12533508,8,Faculty of History Day Concert Video,XWW,1
10089,tt12540419,7,Miracle Fish,AU,0
10090,tt12540786,7,Ninja Fighters,XWG,0
10100,tt12536993,8,Riemuloma Riossa,FI,0
10104,tt12544847,1,Directors Commentary Terror of Frankenstein,US,0
10107,tt12544442,3,Holly,HR,1
10108,tt12534240,8,Timebomb,US,0
10114,tt12541592,13,Neuvěřitelný Hulk,CZ,0
10115,tt0031799,1,Pied Piper Porky,US,0
10118,tt12531413,6,Petak veče,RS,0
10122,tt5189894,1,68 Kill,US,0
10130,tt12544496,6,Club Dead,US,1
10133,tt12538615,7,Ångest,FI,0
10134,tt0800080,21,Невероятный Халк,RU,0
10145,tt12532280,2,Clemente,US,1
10147,tt1787747,6,The Salesman,CA,0
10148,tt0076210,11,Το νησί του Διαβόλου,GR,0
10150,tt2574518,1,Salmon Fishing in the Yemen The Fisherman in the Middle East,US,0
10152,tt12541067,8,These Days,XWW,0
10155,tt12544079,10,Братва из джунглей,RU,0
10157,tt0076210,18,Lisola del Dr Moreau,IT,0
10159,tt12541123,4,Trípoli,BR,0
10165,tt12531764,1,The Hunters Circle,US,0
10172,tt12545161,2,Amigos del lunes,ES,0
10173,tt12539291,17,スワンプ・ウォーター,JP,0
10176,tt12534800,11,Nattens bøddel,NO,0
10178,tt0800080,12,The Incredible Hulk,IN,0
10180,tt1564698,2,Russell Howards Good News,GB,0
10198,tt12540137,4,Smrt se smijesi ubojici,XYU,0
10201,tt12533225,10,Werewolf,US,0
10204,tt12541592,5,Hulk o apithanos,GR,1
10208,tt12544945,1,Knight School with Coach Bobby Knight,US,0
10209,tt0074235,1,Zapisan slavi,SI,0
10211,tt12542144,1,Varg Veum  Skriften på væggen,DK,1
10213,tt0076210,21,ドクター・モローの島,JP,0
10220,tt5189894,4,Убить за 68,RU,0
10221,tt0800080,26,A hihetetlen Hulk,HU,0
10228,tt2719562,1,The Life,US,0
10229,tt12534575,24,Los 300 héroes,CL,0
10234,tt12532348,7,天氣預爆,TW,0
10240,tt12531365,3,An Ordinary Killer,JP,0
10241,tt0800080,27,Ο Απίθανος Χαλκ,GR,0
10243,tt12536444,5,Survivor Series,US,1
10244,tt12535370,8,The Postman Dreams,IT,0
10248,tt0102739,2,Long Live the Hobos,XWW,0
10251,tt0284537,4,Σάββατο,GR,0
10253,tt12541591,9,A hihetetlen Hulk,HU,0
10255,tt12542144,8,Varg Veum Baljós jel,HU,0
10256,tt12538411,1,Bible Conspiracies,US,0
10261,tt0209107,2,The June Bride,AU,0
10262,tt0382255,1,Sprayowcy,PL,0
10264,tt12538383,7,Matar a Jesús,IT,1
10265,tt12534799,6,Les clichés de la haine,CA,0
10269,tt12539290,13,Águas Sombrias,PT,0
10271,tt12545482,1,Ansiedade Mortal,PT,0
10274,tt0077206,3,La banda Vallanzasca 1977,IT,0
10275,tt12542350,1,Dvorišta,RS,1
10276,tt0076210,28,Lîle du docteur Moreau,FR,0
10280,tt12545337,9,O Veterano,PT,1
10283,tt0393824,1,Star 85,US,0
10288,tt12542564,9,Марсилска трилогия Фани,BG,1
10303,tt0336821,1,Masjede gowharshad,IR,0
10306,tt0019924,4,Giftgas,DE,0
10309,tt0076210,16,Wyspa doktora Moreau,PL,0
10310,tt12538865,2,Impulse  I sensi dellinganno,IT,0
10314,tt12538541,7,Vera,IT,0
10315,tt1863203,3,LEmployeur,FR,0
10317,tt3142914,1,Rüya gibi geçti,TR,0
10318,tt12543668,15,Killer on the Wall,US,0
10324,tt12539539,1,Iran The Next Iraq,US,0
10327,tt12543528,10,Number One,US,0
10328,tt0057241,2,Las extrañas mujeres de Pitt Street,ES,0
10340,tt0800080,9,El increible Hulk,VE,0
10342,tt12544079,7,Ab Dilli Door Nahin,IN,0
10346,tt12543213,1,Alla våra morgondagar,SE,0
10352,tt3810428,1,Aerobics  A Love Story,SE,0
10361,tt12541705,11,The German Doctor Wakolda,IT,0
10375,tt0023039,4,夫の休息日,JP,0
10393,tt12538541,4,Ett fall för Vera,SE,1
10400,tt0320558,2,Sin Escape,US,0
10403,tt1548628,7,The Banshee,FR,0
10404,tt0212254,1,Jimmy Zip,US,0
10405,tt12541438,1,O kitrinos arhigos me t atsalenia daktyla,GR,0
10407,tt12531864,5,Night of the Witch,US,1
10413,tt0167042,1,Betty and the Buccaneers,US,0
10414,tt12539178,2,En la tierra del moro,ES,1
10415,tt0094926,4,Curse of the Crystal Eye,US,0
10419,tt0800080,30,Nepārspējmais Halks,LV,0
10420,tt0074235,21,Tämä maa on minun,FI,0
10421,tt0074235,12,Afti i gi einai i diki mou gi,GR,0
10424,tt5463088,6,New Initial D the Movie 3,US,0
10425,tt0854119,2,Breaking the Magicians Code Magics Biggest Secrets Finally Revealed 2,US,0
10426,tt0074235,7,Caminho da Glória,PT,0
10427,tt2265265,3,Duck Beach to Eternity,US,0
10429,tt0103893,22,Buffy la cazavampiros,ES,0
10432,tt12532199,5,Kala Varam Aaye,IN,0
10435,tt12539291,23,El pantano de la muerte,MX,0
10442,tt12539676,2,Socialite,BR,0
10446,tt1202151,1,Bedrooms,US,0
10450,tt0072885,5,Дневник директора школы,RU,0
10451,tt12542253,5,Verborgen gebreken,NL,1
10454,tt12534401,3,Iliski Durumu Karisik,US,0
10459,tt12545804,6,Maridos em Férias,BR,1
10462,tt12542890,2,Entry Denied,US,1
10463,tt12534799,14,Squilli di sangue,IT,0
10466,tt12542547,3,The Damned of the Sea,XWW,0
10473,tt0829302,1,The Traveler,US,0
10474,tt0494712,5,Menschenfresser XXL,DE,0
10477,tt12537314,2,They Came from the Attic,CA,0
10479,tt12541067,1,かけがえのない数日,JP,0
10480,tt12536369,6,The House That Freddy Built,US,0
10483,tt12541592,4,Neverjetni Hulk,SI,1
10484,tt12535806,1,Amor Eterno Amor,BR,0
10492,tt12541777,6,Jimmy Zip,US,1
10498,tt12537070,15,Buffy la caza vampiros,MX,0
10500,tt12542547,5,Wykleci z morza,PL,0
10501,tt12542969,7,不思議なペットショップ,JP,0
10502,tt0331289,2,More Matador,DK,0
10504,tt0351716,2,Enigma at St Pauls Hospital,XWW,0
10505,tt12542632,8,Pokolba a szépfiúkkal,HU,0
10506,tt12535784,18,Anne with an E,ES,0
10510,tt12533225,5,Werewolf,XWW,0
10511,tt12539290,9,De afschrik van het moeras,BE,0
10512,tt2770480,5,Ricordami ancora,IT,0
10518,tt12537292,5,Rüya gibi geçti,TR,0
10520,tt0378450,1,Nishi Padma,IN,0
10521,tt12536208,16,Ardid femenino,AR,0
10526,tt1545097,8,Harriet a Espiã Guerra de Blogs,BR,0
10528,tt6272216,1,Juno Helps Out,GB,0
10529,tt0043072,15,大城塞,JP,0
10530,tt12532885,6,Um Grito de Angústia,BR,1
10531,tt12538865,4,Desejo e Obsessão,BR,1
10532,tt1781772,1,Bad Owl and the Fox Boy,GB,0
10535,tt12531863,7,La noche de la bruja,ES,0
10538,tt0023465,1,Show Business,US,0
10539,tt12542570,8,Hopomythumb,XWW,0
10543,tt12540136,9,La morte sorride allassassino,IT,0
10547,tt7772412,1,Σούπα Μόντο,GR,0
10548,tt12543570,1,Crash Goes the Hash,US,1
10552,tt1228773,1,Ticket nach Telluride,DE,0
10554,tt12545393,4,The Towering Inferno,GB,0
10557,tt12540076,1,Peng Lai Land,CN,0
10560,tt3420044,1,Love Eterne Mourning,US,0
10561,tt12537456,5,Man on the Tracks,US,0
10563,tt12545940,2,Fingerprints,GB,0
10567,tt12534799,8,Död i blixtars sken,SE,0
10568,tt12541591,10,Uskumatu Hulk,EE,0
10569,tt4026034,2,Hired Gun,GB,0
10570,tt12539279,8,Enzeva,IR,0
10574,tt7410352,1,American Princess,US,0
10581,tt12534901,1,The Vallanzasca Band,XWW,0
10584,tt0800080,34,Nevjerojatni Hulk,HR,0
10586,tt0245001,1,Musafir,PK,0
10591,tt6166140,1,Snowy Bing Bongs Across the North Star Combat Zone,US,0
10592,tt12540975,8,Quelli dellIntervallo,IT,0
10593,tt12532054,5,Sal Santen rebel,NL,0
10594,tt2040565,3,Сага про Бйорна,UA,0
10606,tt12534409,3,Dinastija Karadjordjevic,XYU,1
10609,tt9473520,1,Hamm,HU,0
10619,tt12539291,2,Vlucht in het moeras,NL,0
10620,tt12534800,2,Flash mortal,ES,1
10621,tt12541705,24,O germanos giatros,GR,0
10622,tt12536045,2,Lapis,GR,0
10625,tt12540136,6,Смерть улыбается убийце,SUHH,0
10626,tt12537718,1,Red Balloon,US,0
10633,tt12534347,3,The Cafe,GB,0
10634,tt12531173,10,Ramayan,IN,1
10640,tt12531057,1,Mousetrap,US,0
10641,tt0800080,3,The Incredible Hulk,US,0
10643,tt12534575,10,300 spartalaista,FI,0
10647,tt0103893,17,Vampir Avcısı Buffy,TR,0
10648,tt1225592,1,The Art of Kissing 3,PT,0
10653,tt0243250,1,La trilogie marseillaise Fanny,FR,0
10661,tt12537877,4,A Troca,PT,0
10664,tt12537456,3,Anthropos stis rages,GR,0
10665,tt12537414,4,Obca krew,PL,0
10667,tt0103893,16,Buffy  postrach wampirów,PL,0
10668,tt0081563,4,Stone Cold Dead,JP,0
10671,tt0081563,7,Kamienny chlód smierci,PL,0
10678,tt12533225,15,Werewolf,FR,0
10679,tt0094926,5,Kryształowe oko,PL,0
10680,tt12534406,1,Segment 76,PL,0
10687,tt12542409,1,Alfred Hitchcok and To Catch a Thief An Appreciation,US,0
10690,tt12541125,3,Tripolis,XWG,1
10692,tt12544518,2,Venganza desnuda,ES,0
10693,tt12537070,5,Бъфи убийцата на вампири,BG,0
10695,tt12531412,4,Viernes noche,ES,1
10698,tt12538615,3,Obsession,FR,1
10700,tt12542632,2,Al diablo con los guapos,MX,1
10704,tt12537962,2,Moves The Rise and Rise of the New Pornographers,US,1
10706,tt0019924,1,Giftgas,DK,0
10707,tt12545484,7,Someone to Remember,US,0
10708,tt0043072,6,Sheikin morsian,FI,0
10716,tt12541915,1,Samir Abu elNil,EG,1
10731,tt12532622,2,Aquí vienen los tigres,ES,0
10733,tt5189894,3,68キル,JP,0
10737,tt12541591,7,Người Khổng Lồ Xanh Phi Thường,VN,0
10740,tt0043677,6,Um Grito de Angústia,BR,0
10743,tt6218548,2,極樂宿舍,TW,0
10752,tt12534575,20,Os 300 Espartanos,PT,0
10754,tt12531998,4,Né con te né senza di te,IT,0
10756,tt0075922,12,Trágico fin de semana,AR,0
10757,tt12533476,1,Bollywood Queens Vol 2,IN,1
10758,tt12542144,4,Varg Veum  Zeichen an der Wand,DE,0
10760,tt12532253,12,La galoppata della disperazione,IT,0
10762,tt12539221,8,Meitantei Conan Conan vs Kid vs Yaiba,JP,0
10764,tt0023398,11,Goldfieber,AT,0
10772,tt12532885,16,Les révoltés de Folsom Prison,FR,0
10773,tt12541125,2,Tripoli,SE,0
10778,tt12534491,2,Arizona Mahoney,US,0
10781,tt12538519,3,Frankenstein  Der Schrecken mit dem Affengesicht,XWG,1
10785,tt4023878,1,Algien,MX,0
10787,tt1358894,1,This Is This,US,0
10792,tt0800080,28,Inkurediburu Haruku,JP,0
10794,tt12537036,1,I kravgi tou thanatou,GR,0
10795,tt12539291,12,Swamp Water,CA,0
10796,tt12533847,2,Exantas,GR,1
10798,tt12532885,3,The Story of Folsom,US,0
10799,tt12533225,2,Оборотень,RU,1
10800,tt3728382,1,It Is What It Is,US,0
10802,tt12538519,3,Frankenstein Conquers the World,GB,1
10804,tt12539617,1,The Big Swell,US,0
10810,tt2091127,1,The Cafe,GB,0
10815,tt1505891,2,Die Verdammten des Meeres,DE,0
10818,tt12538520,1,Frankenstein  djävulsk skräck,SE,0
10833,tt0276269,1,Lament of the Sand River,XWW,0
10842,tt12534401,5,Stadiul relatiei complicat,RO,0
10844,tt0087915,7,Gerakia kommando,GR,0
10850,tt0081563,9,Morte no Asfalto,PT,0
10851,tt0061784,4,Hot Rods to Hell,GB,0
10852,tt12536208,6,Que Papai não Saiba,BR,0
10861,tt12537589,10,SelfDefense,US,0
10868,tt0053195,3,Il pane,IT,0
10869,tt0372153,1,GardnerSinatra,GR,0
10874,tt12535069,3,The Parent Project,US,0
10881,tt0043072,9,Trípoli,BR,0
10887,tt1871420,1,Tom Green Live,US,0
10889,tt0076210,27,Στη φωλιά του λυκάνθρωπου,GR,0
10890,tt12538931,3,Paddayi,IN,0
10893,tt12543668,8,I Bury the Living,GB,0
10900,tt0036374,9,Gallant Thoroughbred,US,0
10904,tt12541705,35,El médico alemán Wakolda,ES,0
10906,tt12543137,1,Sanguinetti,MX,0
10913,tt12542350,4,Dvorista,ME,0
10917,tt12542408,6,Alfred Hitchcok and To Catch a Thief An Appreciation,US,1
10923,tt0161597,1,From Brazil with Love,US,0
10925,tt12535342,1,The Away Game,AU,0
10928,tt12545393,32,Inferno i flammer,NO,0
10931,tt12544327,5,Peter spiller op,DK,0
10934,tt12539290,6,Aguas pantanosas,ES,0
10938,tt3430462,1,Soror,GB,0
10939,tt0800080,6,O Incrível Hulk,PT,0
10944,tt1496903,1,Tim Vine Live,GB,0
10954,tt0075922,9,Death Weekend,SE,0
10957,tt12533850,9,Horses in Winter,CA,1
10961,tt0081563,16,Point TwoTwo,AU,0
10964,tt0354068,3,Szuperprodukció,HU,0
10967,tt7090140,9,Coda,CA,0
10968,tt12541705,8,Wakolda,VE,1
10970,tt2279343,3,The Parent Project,US,0
10972,tt12537456,11,Der Mann auf den Schienen,DE,0
10974,tt1570565,2,Kôchi 40sai no figyua sukêtâ,JP,0
10978,tt2770480,2,Dekle za zapomnit,SI,0
10980,tt12532624,10,GoGoタイガース,JP,0
10982,tt0036374,4,The Prodigals Mother,US,0
10985,tt2392381,3,Dearest Love,US,0
10988,tt0074235,17,By nie pełzać na kolanach,PL,0
10991,tt12545635,5,Kaspar Hauser  Verbrechen am Seelenleben eines Menschen,DE,1
10993,tt0043072,10,Tripoli,FR,0
10998,tt3554298,3,The Head,XWW,0
11003,tt12536208,3,En livlig dame,DK,0
11007,tt0340422,1,The Walking Hack of Asbury Park,US,0
11011,tt0209107,1,The June Bride,HK,0
11020,tt0103742,3,Los años de Greta,MX,0
11024,tt12543484,3,La educación de Sonny Carson,ES,1
11029,tt0076210,15,A Ilha do Dr Moreau,PT,0
11030,tt12538383,6,Killing Jesus,XWW,0
11033,tt0043677,14,Opstand der veroordeelden,BE,0
11034,tt0317202,1,ブロセリアンドの魔物,JP,0
11037,tt0800080,7,Người Khổng Lồ Xanh Phi Thường,VN,0
11040,tt0076210,19,Остров доктора Моро,SUHH,0
11048,tt12539804,2,Matrimonio al Sud,IT,0
11055,tt0800080,15,Lincroyable Hulk,CA,0
11061,tt4222240,2,W zamrozeniu,PL,0
11073,tt3796272,1,Proximity,US,0
11074,tt12534310,2,Boba Mukhosh,IN,0
11075,tt12541125,3,Tripoli,RO,0
11078,tt12541591,2,Hulk 2,US,1
11079,tt0076210,23,Die Insel des Dr Moreau,AT,0
11089,tt12541591,2,Lincredibile Hulk,IT,1
11091,tt12545393,8,El coloso en llamas,ES,0
11092,tt1171628,1,Die Stimme aus dem Hut,XWG,0
11095,tt12541275,3,Džesi,RS,0
11096,tt0848569,1,The Away Game,AU,0
11098,tt12541305,1,Bad Girls 6,US,0
11099,tt11898442,5,Playdate with Destiny,US,0
11103,tt12541123,1,The First Marines,US,1
11105,tt6620638,1,UFC 132 Cruz vs Faber,US,0
11109,tt12534530,1,Creepy Campfire Stories,DE,1
11113,tt12538520,19,Frankenstein  Zweikampf der Giganten,DE,0
11119,tt9168706,3,Poised,ES,0
11122,tt12538519,9,Франкенштейн против Барагона,SUHH,0
11128,tt12536993,4,Échale la culpa a Río,PA,0
11130,tt1370191,1,Eyewitness Accounts,CA,0
11135,tt0075922,21,Inferno im Moor,XWG,0
11139,tt12531365,4,An Ordinary Killer,US,0
11141,tt12532348,4,天气预爆,CN,1
11145,tt0880928,3,Living Legacy,DE,0
11146,tt12537038,8,Gritos do Além,BR,0
11149,tt12537230,1,Doutores Palhaços,PT,0
11152,tt1344727,1,The Incident at Tower 37,US,0
11160,tt12540334,7,Tom Green Live,US,1
11162,tt12545337,1,Escape the Past,DE,0
11166,tt12538865,7,Impulso homicida,ES,0
11171,tt0243250,3,Марсилска трилогия Фани,BG,0
11175,tt12536993,11,Suçu Rioya At,TR,0
11178,tt12534240,2,Time Bomb,XWW,0
11182,tt4296800,2,Ladrões que roubam ladrões,BR,0
11186,tt12545482,2,Javais un fils,BE,0
11189,tt2279927,2,Karagah,IR,0
11190,tt0316481,1,The Remarkable 20th Century,US,0
11192,tt5376904,1,Stale Mate,US,0
11196,tt12531262,1,Bone ThugsnHarmony Feat Mariah Carey  Bow Wow Lil LOVE,US,0
11198,tt0076210,13,De fordømtes øy,NO,0
11203,tt0954968,1,Requiem for Krypton Making Superman Returns,US,0
11207,tt12535784,23,Anne,AU,0
11208,tt12531412,8,Vendredi Soir,GB,1
11213,tt12543717,5,Aki dalol rossz ember nem lehet,HU,0
11215,tt0266921,1,Sagai,IN,0
11226,tt12545393,39,O pyrgos tis Kolaseos,GR,0
11227,tt12540786,8,La guerre des gangs,FR,0
11228,tt12536208,10,Onderduimsch gehuwd,BE,0
11229,tt12540136,5,O dolofonos me to angeliko hamogelo,GR,0
11235,tt12532622,8,GoGoタイガース,JP,1
11237,tt0350037,1,Ravioli,AT,0
11239,tt0057241,4,Ladies Who Do,GB,0
11242,tt12536993,2,Lío en Río,ES,0
11245,tt12539409,1,Días de tormenta,ES,0
11246,tt12543995,5,American Icon The Hot Rod,US,1
11247,tt0023039,7,Maridos errantes,ES,0
11257,tt0043072,16,Trípoli,MX,0
11258,tt12532394,3,Four Journeys Into Mystic Time OneTwoThree,US,1
11262,tt0081563,6,Sin Sniper,PH,0
11272,tt12544906,6,WXW Rage TV,US,1
11274,tt12543668,14,Seppellisco i vivi,IT,0
11275,tt0043072,4,The First Marines,US,0
11277,tt12534401,4,Iliski Durumu Karisik,TR,0
11278,tt12543633,1,Browney,NL,0
11279,tt1337354,2,Чудорыба,RU,0
11290,tt12545337,4,The Veteran,GR,0
11293,tt12538793,8,Ost und West,AT,0
11296,tt2040565,1,The Saga of Biorn,DK,0
11304,tt12540839,2,Mulligan,PL,0
11305,tt12537290,3,Ask aglatir,TR,0
11306,tt0074235,8,En route pour la gloire,FR,0
11309,tt12544421,2,More Matador,DK,0
11312,tt2770480,9,Como Não Esquecer essa Garota,BR,0
11313,tt12545393,9,Liekehtivä torni,FI,1
11322,tt4492840,1,Waiting for the Time,TR,0
11324,tt12539620,3,Jack Fat and Jim Slim at Coney Island,US,1
11325,tt0024207,6,Keine Angst vor Liebe,DE,0
11330,tt12533289,3,A férfiak évada,HU,0
11331,tt0057241,5,Ladies Who Do,US,0
11338,tt0014339,7,Good Luck,US,0
11340,tt2104487,2,La capitanessa,IT,0
11349,tt12539966,4,Johnny Cash at Folsom Prison,US,0
11350,tt12545393,2,Infierno en la torre,AR,0
11355,tt1787747,4,El vendedor,ES,0
11359,tt1708505,7,Fen shou zhi du,HK,0
11361,tt2308048,2,12 Explosionen,AT,0
11368,tt7510284,7,National Theatre Live Cat on a Hot Tin Roof,GB,0
11370,tt2770480,3,No me olvides,ES,0
11372,tt0075922,27,Death weekend,SE,0
11373,tt0168007,1,Okres próbny,PL,0
11374,tt5463088,4,Shingekijouban Inisharu D Legend 3  Mugen,JP,0
11381,tt4295286,2,Lhybride,CA,0
11384,tt4730224,7,An Hour to Kill,US,0
11399,tt12541591,8,Hulk o apithanos,GR,0
11406,tt12531955,1,Potiche,FR,0
11407,tt12538572,3,Neil Armstrong Az ember és az űrhajós,HU,0
11409,tt0387133,4,2002 FIFA World Cup KoreaJapan,XWW,0
11410,tt1545097,9,Шпионка Хэрриет Война блогов,RU,0
11415,tt0327379,2,White Collar Blue,AU,0
11420,tt12531325,1,Moi Louis enfant de la mine,FR,0
11422,tt12541592,24,Неймовірний Халк,UA,0
11425,tt12541952,4,Che Rise and Fall,AR,0
11427,tt0023398,10,The Rider of Death Valley,US,0
11428,tt0108622,6,Yi dao qing cheng,HK,0
11430,tt12539290,7,Moczary,PL,0
11434,tt0024207,2,Toujours lAmour,FR,0
11436,tt0023398,4,A Halálvölgy lovasa,HU,0
11441,tt0075922,14,Death Weekend,GB,0
11444,tt2512326,1,Pictures from a Hiroshima Schoolyard,US,0
11445,tt12541357,4,Vengeance 2007,PT,0
11446,tt12535784,9,Anne with an E,US,0
11447,tt12536338,12,Tres enamoradas,ES,0
11448,tt0169268,6,Panstwo psów,PL,0
11450,tt12545393,5,Infernul din zgarienori,RO,0
11454,tt12532975,1,The Life,US,0
11456,tt12534868,5,On the Ice,FR,0
11472,tt7090140,2,Coda,ES,0
11479,tt0327379,3,White Collar Blue,IN,0
11482,tt0103893,18,Buffy a CaçaVampiros,BR,0
11484,tt12531414,8,Vendredi soir,FR,0
11488,tt12534268,4,1000 oczu dr Maddina,PL,1
11490,tt12536222,1,The Green Cold,XWW,0
11496,tt0393068,1,Backdoor Bonanza 9,US,0
11502,tt12534575,1,300 спaртанци,BG,1
11504,tt12545216,3,Polish Noncamera Chronicle No 1,XWW,0
11506,tt12534312,1,Boba Mukhosh,IN,0
11507,tt0800080,20,Hulk 2,US,0
11511,tt12537970,1,Mud Southern Authenticity Shooting the Real Arkansas,US,0
11512,tt12532690,4,Gasztroföldrajz,HU,0
11514,tt12536338,10,Garotas da Praça de Espanha,BR,0
11516,tt12541840,7,Let My People Live,US,1
11517,tt12541591,10,Неймовірний Халк,UA,0
11518,tt12537253,6,Slipknot The Heretic Anthem,US,0
11520,tt1978512,2,Portrék drámai időben,HU,0
11522,tt12544083,3,Main Naa Bhoolungi,US,0
11523,tt5236976,4,Winterstoke House,GB,0
11531,tt12535784,20,Anne,GB,0
11534,tt12537070,33,Bafi ubica vampira,RS,0
11536,tt12541123,3,Tripoli,RO,0
11542,tt12541591,8,Nepārspējmais Halks,LV,0
11544,tt12540401,9,Der Wunschzettel,DE,0
11546,tt12541214,1,The Mystery of the Shemitah Unlocked,US,0
11547,tt0075922,15,Fim de Semana Mortal,PT,0
11550,tt12541591,5,The Incredible Hulk,AU,0
11560,tt12539290,14,The Man Who Came Back,GB,0
11561,tt12541705,30,O Médico Alemão,BR,0
11571,tt12542631,7,Prokleta lepota,RS,0
11578,tt12537038,3,Grito de muerte,MX,0
11580,tt12533904,1,El payaso y el Führer,ES,0
11586,tt0169268,1,State of Dogs  Hundeleben,DE,0
11589,tt0087915,2,紅粉游俠,TW,0
11593,tt0800080,23,Incredibilul Hulk,RO,0
11596,tt0023039,6,Maridos em Férias,PT,0
11597,tt0457121,2,Die Nachtigall,DE,0
11598,tt12540341,7,Jimeoin,AU,1
11600,tt2392381,2,Live Life Dearest,CO,0
11601,tt12536079,4,The Cougar Club 3,US,1
11603,tt5880942,1,Кровавый лес,RU,0
11604,tt12540527,13,Bletchleyn nelikko,FI,0
11605,tt4134678,3,Un Amore Per Due,IT,0
11607,tt12532135,10,Mela,IN,1
11615,tt12542568,1,The Devil,XWW,0
11617,tt12541592,1,The Incredible Hulk,GB,0
11618,tt0924401,1,Above It All,GB,0
11621,tt0023398,3,熱沙の男,JP,0
11623,tt12531611,6,Der Nesthocker,DE,1
11625,tt12531413,1,Viernes noche,ES,0
11627,tt7307426,1,Drew Peterson An American Murder Mystery,US,0
11630,tt12539291,8,Farligt område,SE,0
11635,tt0043072,8,Trípoli,ES,0
11637,tt12538865,9,Desejo,PT,0
11638,tt12534373,10,Waiting for the Time,TR,0
11644,tt0036374,8,Ansiedade Mortal,PT,0
11648,tt12540136,13,Sette strani cadaveri,IT,0
11653,tt12545393,6,Skyskrapan brinner,SE,0
11656,tt0068972,13,Sette strani cadaveri,IT,0
11657,tt0074235,23,Esta tierra es mi tierra,MX,0
11658,tt1863203,5,Работодателят,BG,0
11662,tt12541591,3,Inkurediburu Haruku,JP,1
11668,tt12545393,4,Infierno en la torre,VE,1
11670,tt12536598,8,Race 2 Race,US,1
11672,tt1505891,5,Wykleci z morza,PL,0
11678,tt12538615,19,Mennesker i trapez,DK,0
11679,tt5592768,1,Moonam Naal Njayarazhcha,IN,0
11682,tt12541379,3,LEmployeur,FR,0
11683,tt12535784,25,Anne with an E,NO,0
11684,tt12543570,1,Crash Goes the Hash,IN,0
11689,tt0169268,9,State of Dogs,BE,0
11691,tt12539178,5,Bound in Morocco,US,1
11693,tt1545097,3,Χάριετ η Κατάσκοπος Ο Πόλεμος των Μπλογκ,GR,0
11696,tt12533627,1,Kultaa sumussa,FI,0
11699,tt12537070,18,Buffy a CaçaVampiros,BR,0
11701,tt0043072,14,Tripoli,CA,0
11716,tt0074235,3,Накъдето те води сърцето,BG,0
11719,tt12534491,5,Bad Man of Arizona,GB,0
11728,tt0397843,1,WXW Rage TV,US,0
11729,tt12532622,3,Que vienen los tigres,ES,0
11734,tt12534240,16,Ameaça Total,PT,0
11736,tt12538715,6,Asas,BR,1
11738,tt12541591,31,Невероятният Хълк,BG,0
11745,tt12532253,7,Goldfieber,AT,0
11746,tt12532519,1,Roxanne,RO,0
11750,tt0036374,3,La madre pródiga,MX,0
11753,tt0494712,7,Hillside Cannibals,US,0
11754,tt12544079,9,Jungel Safari,NO,0
11759,tt4641416,3,Pappas flicka,FI,0
11769,tt12536899,1,Sandra hercegnő,HU,0
11785,tt0075922,29,Vergewaltigung,XWG,0
11788,tt12531640,3,Sarah Youngs Private Affairs Vol 7,US,0
11790,tt12534240,7,タイムボンバー,JP,0
11805,tt12541164,1,Portraits in Dramatic Time,US,0
11806,tt12539291,6,Apă de mlaştină,RO,1
11808,tt12535784,9,Энн,RU,0
11809,tt12538615,13,Môshû no kage,JP,0
11811,tt12534240,1,Treinta minutos para morir,ES,1
11812,tt12531413,2,V pátek vecer,CZ,0
11817,tt0828149,1,Iran The Next Iraq,US,0
11820,tt1107906,1,Fúria,BR,0
11825,tt0023398,8,Ryttarna i dödens dal,SE,0
11836,tt12543430,1,Assassins Creed Descendants,US,1
11842,tt12536208,9,Оживленная леди,SUHH,0
11844,tt0328820,2,Aidetoi le ciel taidera,FR,0
11847,tt5189894,7,68 lepedő,HU,0
11848,tt12532885,6,I epanastasis ton kolasmenon,GR,0
11850,tt12533597,3,Holiday for Heroes,DE,0
11852,tt8531538,2,Too Stupid to Die,US,0
11859,tt7089878,4,Liz et loiseau bleu,FR,0
11863,tt12541705,9,Harofe haGermani,IL,1
11864,tt12532422,1,The Father,SK,1
11870,tt12536993,17,Riói románc,HU,0
11878,tt12537036,8,Vrisak banši,RS,0
11884,tt12533953,1,Descifrando el código de los magos Los más grandes secretos de la magia finalmente revelados 2,ES,0
11887,tt12534800,6,Sin Sniper,PH,0
11895,tt0074235,14,Esta tierra es mi tierra,AR,0
11899,tt12540774,10,Estranged,CA,1
11905,tt5236976,2,Servants Quarters,GB,0
11906,tt12539966,4,Johnny Cash ja Folsom Prison,FI,1
11907,tt12540137,6,La muerte sonríe al asesino,ES,1
11910,tt12540136,4,Death Smiles on a Murderer,GB,1
11914,tt12537274,10,Der Elfenbeinturm,XWG,0
11922,tt12541125,11,Tripolis,AT,0
11923,tt12534012,1,See Plum Run,CA,0
11925,tt12538865,8,秘められた遊戯,JP,1
11930,tt0103893,27,Buffy la caza vampiros,AR,0
11939,tt12534800,15,Stone Cold Dead,SE,0
11940,tt1787747,3,Prodavac,RS,0
11945,tt12540191,1,Chase  Status Live at Brixton Academy,GB,0
11950,tt12536993,6,Gi Rio skylden,DK,0
11952,tt12543587,6,Coda,IT,0
11954,tt12535451,1,Dominican,US,0
11955,tt7410352,2,Американская принцесса,RU,0
11956,tt12533586,10,Шпионка Хэрриет Война блогов,RU,1
11958,tt12535110,5,COD,US,0
11960,tt12538237,7,Como Não Esquecer,PT,1
11963,tt0077206,1,The Vallanzasca Band,XWW,0
11964,tt12545175,6,Roar,AU,0
11967,tt12531412,1,Piątkowa noc,PL,0
11968,tt1339463,3,Meitantei Conan Conan vs Kid vs Yaiba,JP,0
11972,tt12540630,7,Pitong Gamol,PH,0
11975,tt12531159,5,Twisted Metal,US,1
11980,tt12536338,8,Le ragazze di Piazza di Spagna,IT,1
11987,tt12545669,8,恋の修羅城,JP,1
11989,tt1545097,2,Harriet Spionage aller Art,DE,0
11991,tt12533225,8,Werewolf,GB,0
11993,tt0068972,15,La morte ha sorriso allassassino,IT,0
11996,tt12532629,1,Degrassis 40 Most Go Thereest Moments,US,0
11999,tt12536993,4,Во всем виноват Рио,SUHH,0
12001,tt12531863,1,Night of the Witch,US,0
12006,tt12532688,4,The Girl with the Sun in Her Hair,IE,0
12008,tt12535069,10,The Parent Project,GB,1
12010,tt12544389,1,Тхэквондо,RU,0
12013,tt12543862,1,Night Pastor,GB,0
12017,tt0061784,2,52 Milhas de Terror,BR,0
12019,tt12539741,4,The Last Summer of the Rich,XWW,0
12020,tt12538541,6,Вера,RU,0
12026,tt11757862,1,Segundos fuera,ES,0
12030,tt12538434,1,Pavle,SI,0
12031,tt12536172,1,Manipulator,CA,0
12033,tt11898442,6,Maggie Simpson dans « Rendezvous avec le destin »,FR,0
12035,tt12540076,9,Peng Lai Jian,CN,0
12036,tt12538541,10,Vera,AU,0
12038,tt0081563,12,Les clichés de la haine,CA,0
12040,tt1879071,2,The Fourth Reich,US,0
12047,tt12538131,9,What Happened on the Moon  An Investigation Into Apollo,US,0
12054,tt12535784,7,Anne with an E,BR,0
12055,tt12538541,2,Vera  Ein ganz spezieller Fall,DE,0
12059,tt1545097,7,Harriet a kém Blogháborúk,HU,0
12074,tt0014339,4,Mazel Tov,US,0
12075,tt0103893,2,Buffy  vampyrernes skræk,DK,0
12077,tt12541919,1,Young Single and Mormon,GB,0
12081,tt0074235,4,Şöhret yolunda,TR,0
12087,tt12534012,2,See Plum Run,US,0
12089,tt12533586,5,Harriet lEspionne La Guerre des Blogs,FR,1
12090,tt12531412,3,Penktadienio vakaras,LT,0
12097,tt0804223,2,Synthetic World,DE,0
12099,tt12538615,18,Gekweld geweten,NL,0
12111,tt0076210,6,Paholaisen saari,FI,0
12116,tt11898442,1,Jugando con el destino,ES,0
12118,tt0379560,1,Trysting,US,0
12119,tt12536078,9,The Cougar Club 3,US,0
12120,tt12542234,1,CockHammer,US,0
12128,tt7772412,4,Supa Modo,US,0
12133,tt3105448,2,From Gulf to Gulf to Gulf,AE,0
12135,tt12540786,1,Pink Force Commandos,US,0
12137,tt12532402,7,The Policy Girl,US,1
12138,tt12541705,21,Le médecin de famille,FR,0
12142,tt12531638,2,Private Affairs Vol 7,DE,0
12143,tt0029768,1,Whistling Bullets,US,0
12148,tt12541066,4,Beyond Black Mesa,GB,0
12150,tt0435050,2,The Romance of a Gardener,US,0
12155,tt12531700,7,Aswang,PH,0
12156,tt12538519,9,Φρανκενστάιν εναντίον Δεινόσαυρου,GR,1
12157,tt12536010,7,Pop Aye,PT,0
12162,tt1787747,8,O politis,GR,0
12166,tt0019924,2,毒瓦斯,JP,0
12168,tt12545684,4,Killers Delight,US,0
12170,tt12536338,4,Tre piger fra Rom,DK,0
12174,tt12533954,1,Descifrando el código de los magos Los más grandes secretos de la magia finalmente revelados 2,ES,0
12176,tt12534903,10,The Vallanzasca Band,XWW,0
12182,tt12545393,34,The Towering Inferno,US,0
12185,tt0094926,3,A kristályszem,HU,0
12188,tt0189439,1,Conrad Brooks vs the Werewolf,US,0
12189,tt12538865,9,Impuls,CZ,0
12192,tt12537070,17,Vampir Avcısı Buffy,TR,0
12199,tt2104902,1,Frank Skinner on George Formby,GB,0
12203,tt12533586,4,Harriet a Espiã Guerra de Blogs,BR,0
12205,tt3651810,3,Vieni a vivere dai miei,IT,0
12207,tt12531326,1,Moi Louis enfant de la mine,FR,0
12210,tt12544327,3,Ein oraio n agapas,GR,0
12213,tt0072343,1,Eine ungeliebte frau,XWG,0
12214,tt12544095,1,Ліза та блакитна пташка,UA,0
12219,tt12533289,6,Moussem errjel,TN,0
12222,tt5797822,1,OntheShouldersofGiants,XWW,0
12231,tt12534575,3,I mahi ton Thermopylon,GR,0
12232,tt4930646,1,Epic Attractions,US,0
12233,tt12537532,2,Crazy Blind Love,AU,0
12234,tt12533596,1,Holiday for Heroes,CA,0
12236,tt12534575,13,Der Löwe von Sparta,XWG,0
12238,tt0081605,1,Taxi Chor,IN,0
12242,tt12536370,1,The House That Freddy Built,US,1
12246,tt0110246,3,Kaspar Hauser,HU,0
12247,tt12538168,1,The Salesman,XWW,0
12251,tt0431384,1,Segment 76,PL,0
12260,tt12533953,3,Die Tricks der groessten Zauberer,DE,1
12261,tt0014339,5,East and West,XWW,0
12264,tt0076210,7,Dr Moreau szigete,HU,0
12267,tt12545337,6,The Veteran,CA,0
12275,tt0103893,21,Buffy tueuse de vampires,FR,0
12279,tt12538168,2,O politis,GR,1
12280,tt0068972,1,La mort a souri à lassassin,FR,0
12281,tt12545684,3,Dark Rider,XWG,0
12284,tt0103893,1,Buffy zabíjecka upíru,CZ,0
12286,tt3692292,1,30sai no hoken taiiku,JP,0
12291,tt12545169,1,Philoctetes An Outsiders Myth,GR,0
12293,tt12533289,4,Maussim alriyal,TN,0
12299,tt12533614,6,Fourteens Good Eighteens Better,AU,0
12301,tt12544327,7,Everybody Loves Peter,US,0
12303,tt12545393,8,Вздымaющийся ад,SUHH,1
12310,tt12544389,10,Taekwondo,AR,0
12317,tt12537140,1,The Romantics Talking in Your Sleep,US,0
12318,tt0085273,1,Burning Love,XWW,0
12332,tt12544518,2,Mad End,XWG,0
12333,tt12537070,2,Buffy  Vampyyrintappaja,FI,0
12335,tt12536237,1,Livraison à domicile,FR,0
12337,tt12542505,6,Der kleine Elf,DE,0
12338,tt5720152,1,Back to OZ,US,0
12339,tt12541275,7,Jessie,IT,0
12345,tt0023398,15,GOLDFIEBER Der Ritt ins Todestal,DE,0
12347,tt12545684,9,Killers Delight,FR,0
12354,tt0068972,7,A Morte Sorriu para o Assassino,BR,0
12366,tt12532295,10,The Ash Tree,US,1
12367,tt12531870,1,Philip Larkin Love and Death in Hull,GB,0
12368,tt0043677,17,Motín,AR,0
12375,tt12531864,10,Дом Ведьмы,RU,0
12379,tt12545683,1,The Dark Ride,US,1
12381,tt0074235,10,ウディ・ガスリー　わが心のふるさと,JP,0
12386,tt12541438,2,Da feng bo,TW,0
12387,tt12539290,19,Matomenos valtos,GR,0
12391,tt0800080,17,Der unglaubliche Hulk,DE,0
12392,tt12538281,4,Menschenfresser XXL,DE,0
12394,tt12541592,7,O Incrível Hulk,PT,0
12398,tt12540137,10,Sette strani cadaveri,IT,0
12402,tt12534640,5,Al rojo vivo,MX,1
12406,tt1787747,2,Le vendeur,CA,0
12407,tt7772412,2,Supa Modo,DE,0
12408,tt0800080,32,Lincredibile Hulk,IT,0
12409,tt0103893,11,Buffy the Vampire Slayer,SE,0
12414,tt5815434,1,Ukonvaaja,FI,0
12416,tt0800080,31,Невероятният Хълк,BG,0
12417,tt0075922,1,Fin de semana sangriento,ES,0
12420,tt12533627,9,Scream in the Night,GB,0
12430,tt12538541,17,Vera Stanhope tutkii,FI,0
12433,tt12539478,2,Alone Together,SE,0
12437,tt12543128,6,Supa Modo,FR,0
12440,tt0081563,11,Nattens bøddel,NO,0
12441,tt12534135,10,Giftgas,DE,0
12443,tt12531849,1,Pool Fart,US,0
12444,tt12541275,2,Jessie,AU,1
12446,tt0023039,5,Äktenskapssemester,SE,0
12449,tt12542253,2,Hidden Flaws,XWW,0
12451,tt0076210,25,Острво доктора Мороа,RS,0
12454,tt12537671,1,Prey of a Call Girl,US,0
12467,tt4557242,2,Balcony,GB,0
12469,tt0090825,1,La chica que cayó del cielo,ES,0
12471,tt12531414,3,Penktadienio vakaras,LT,0
12474,tt12533597,2,Bozic za junake,SI,0
12476,tt12540137,15,La morte ha sorriso allassassino,IT,0
12480,tt12545653,1,Kara peçe,TR,0
12483,tt12538615,20,Menschen am Trapez,XWG,0
12490,tt0087915,1,Pink Force Commandos,US,0
12495,tt12538519,4,Frankenstein a la conquista de la Tierra,VE,1
12499,tt12545149,2,Metal Gear Solid 2 Sons of Liberty,JP,1
12504,tt12544011,8,Extreme Schoolgirls 4,US,1
12507,tt12532427,1,Egyptian Bullock Pump,GB,0
12510,tt0036374,1,Ik had een zoon,BE,0
12512,tt1663660,3,На льду,RU,0
12514,tt12539291,22,Létang tragique,BE,0
12515,tt12536208,4,Professor wat ben je begonnen,NL,0
12522,tt12540786,5,La fuerza del comando Pink,ES,0
12523,tt12536010,4,Pop Aye,GB,0
12524,tt12536103,2,Toujours lAmour,FR,0
12525,tt6736186,1,Bible Conspiracies,US,0
12529,tt12541592,8,The Incredible Hulk,IN,1
12532,tt12540136,7,Death Smiles on a Murderer,US,0
12533,tt1545097,4,Harriet lEspionne La Guerre des Blogs,FR,0
12534,tt12542881,4,Walter,US,0
12537,tt12541592,9,無敵浩克,TW,1
12540,tt12545321,1,Doomed Lovers,US,0
12545,tt7510284,4,National Theatre Live Cat on a Hot Tin Roof,NZ,0
12546,tt12543668,1,Killer at Large,US,0
12547,tt12534240,10,Timebomb,AU,0
12551,tt12540412,8,I volontari del Texas,IT,0
12558,tt12536993,8,Cest la faute à Rio,FR,1
12560,tt12541633,10,Blown in with the Wind,US,0
12566,tt12541275,8,Джесси,RU,0
12568,tt12536222,2,Sarde sabz,IR,0
12573,tt12541995,3,Sania i Wróbel,PL,0
12579,tt0203189,3,WALTER,US,0
12580,tt12545484,7,Qualcuno da ricordare,IT,0
12584,tt1339463,1,Detektiv Conan  Conan vs Kid vs Yaiba,DE,0
12591,tt0264845,1,The Marshall of Trail City,US,0
12598,tt0800080,11,インクレディブル・ハルク,JP,0
12599,tt12544389,2,男色假期,TW,0
12601,tt12545393,7,タワーリング・インフェルノ,JP,1
12606,tt12538237,1,No me olvides,ES,0
12608,tt12537006,1,Elegant,BE,0
12610,tt4575154,1,Vaterjagd,CH,0
12614,tt3542816,1,The Squirrel Hunters,GB,0
12615,tt0494712,1,Kannibál szikla,HU,0
12617,tt12540137,17,Смерть улыбается убийце,SUHH,0
12622,tt12545207,4,Un gran país,ES,0
12624,tt0023398,1,Der Ritt ins Todestal,AT,0
12626,tt0108622,3,Blade of Fury,XWW,0
12627,tt0014339,1,O Velho e o Novo Mundo ou Paixão Israelita,BR,0
12628,tt12540136,9,Die Mörderbestien,XWG,1
12637,tt12541705,34,Le médecin de famille,CA,0
12639,tt0800080,8,Hulk o apithanos,GR,0
12641,tt1100032,1,The Young Cadets,US,0
12643,tt0366681,1,Knee High PI,US,0
12646,tt12533587,7,Harriet a Espiã Guerra de Blogs,PT,0
12655,tt12534800,9,Morte no Asfalto,PT,0
12664,tt12545393,8,The Towering Inferno,CA,1
12668,tt0081563,8,Flash mortal,ES,0
12670,tt12539741,9,The Last Summer of the Rich,XEU,0
12678,tt0103893,33,Bafi ubica vampira,RS,0
